-- MySQL dump 10.13  Distrib 5.7.28, for Linux (x86_64)
--
-- Host: 127.0.0.1    Database: laravel
-- ------------------------------------------------------
-- Server version	5.7.22-log

/*!40101 SET @OLD_CHARACTER_SET_CLIENT=@@CHARACTER_SET_CLIENT */;
/*!40101 SET @OLD_CHARACTER_SET_RESULTS=@@CHARACTER_SET_RESULTS */;
/*!40101 SET @OLD_COLLATION_CONNECTION=@@COLLATION_CONNECTION */;
/*!40101 SET NAMES utf8 */;
/*!40103 SET @OLD_TIME_ZONE=@@TIME_ZONE */;
/*!40103 SET TIME_ZONE='+00:00' */;
/*!40014 SET @OLD_UNIQUE_CHECKS=@@UNIQUE_CHECKS, UNIQUE_CHECKS=0 */;
/*!40014 SET @OLD_FOREIGN_KEY_CHECKS=@@FOREIGN_KEY_CHECKS, FOREIGN_KEY_CHECKS=0 */;
/*!40101 SET @OLD_SQL_MODE=@@SQL_MODE, SQL_MODE='NO_AUTO_VALUE_ON_ZERO' */;
/*!40111 SET @OLD_SQL_NOTES=@@SQL_NOTES, SQL_NOTES=0 */;

--
-- Table structure for table `branches`
--

DROP TABLE IF EXISTS `branches`;
/*!40101 SET @saved_cs_client     = @@character_set_client */;
/*!40101 SET character_set_client = utf8 */;
CREATE TABLE `branches` (
  `id` int(10) unsigned NOT NULL AUTO_INCREMENT,
  `company_id` int(10) unsigned NOT NULL,
  `name` varchar(191) COLLATE utf8mb4_unicode_ci NOT NULL,
  `color` varchar(191) COLLATE utf8mb4_unicode_ci DEFAULT NULL,
  `address` varchar(191) COLLATE utf8mb4_unicode_ci DEFAULT NULL,
  `phone` varchar(191) COLLATE utf8mb4_unicode_ci DEFAULT NULL,
  `created_at` timestamp NULL DEFAULT NULL,
  `updated_at` timestamp NULL DEFAULT NULL,
  PRIMARY KEY (`id`),
  KEY `branches_company_id_foreign` (`company_id`),
  CONSTRAINT `branches_company_id_foreign` FOREIGN KEY (`company_id`) REFERENCES `companies` (`id`)
) ENGINE=InnoDB AUTO_INCREMENT=7 DEFAULT CHARSET=utf8mb4 COLLATE=utf8mb4_unicode_ci;
/*!40101 SET character_set_client = @saved_cs_client */;

--
-- Dumping data for table `branches`
--

LOCK TABLES `branches` WRITE;
/*!40000 ALTER TABLE `branches` DISABLE KEYS */;
INSERT INTO `branches` VALUES (1,1,'DZ','#F64272','Wagramerstraße 94, Top 1A','+43 1 3694001','2019-10-29 10:57:49','2019-10-29 10:57:49'),(2,1,'DZ Neu','#0a9901','Wagramerstraße 94, Top 1A','+43 1 3694001','2019-10-29 10:57:49','2019-10-29 10:57:49'),(3,1,'KG','#0970c7','Kirchengasse 1, Mariahilferstraße 50','+43 1 3694001','2019-10-29 10:57:49','2019-10-29 10:57:49'),(4,1,'Huma','#ec9a5d','Landwehrstraße 6, Top 126A','+43 1 7670666','2019-10-29 10:57:49','2019-10-29 10:57:49'),(5,2,'NewBranch 11','#F64272','Brigittenau 1','+43 1 123456789','2019-11-06 20:05:32','2019-11-06 20:05:32'),(6,2,'NewBranch 22','#f7ff16','Brigittenau 2','+43 9 87654321','2019-11-06 20:05:32','2019-11-06 20:05:32');
/*!40000 ALTER TABLE `branches` ENABLE KEYS */;
UNLOCK TABLES;

--
-- Table structure for table `brands`
--

DROP TABLE IF EXISTS `brands`;
/*!40101 SET @saved_cs_client     = @@character_set_client */;
/*!40101 SET character_set_client = utf8 */;
CREATE TABLE `brands` (
  `id` int(10) unsigned NOT NULL AUTO_INCREMENT,
  `name` varchar(191) COLLATE utf8mb4_unicode_ci NOT NULL,
  `logo` varchar(191) COLLATE utf8mb4_unicode_ci NOT NULL,
  `created_at` timestamp NULL DEFAULT NULL,
  `updated_at` timestamp NULL DEFAULT NULL,
  PRIMARY KEY (`id`)
) ENGINE=InnoDB AUTO_INCREMENT=10 DEFAULT CHARSET=utf8mb4 COLLATE=utf8mb4_unicode_ci;
/*!40101 SET character_set_client = @saved_cs_client */;

--
-- Dumping data for table `brands`
--

LOCK TABLES `brands` WRITE;
/*!40000 ALTER TABLE `brands` DISABLE KEYS */;
INSERT INTO `brands` VALUES (1,'Apple','https://image.flaticon.com/icons/png/128/37/37150.png','2019-10-29 10:57:49','2019-10-29 10:57:49'),(2,'Samsung','http://assets.stickpng.com/thumbs/580b57fcd9996e24bc43c533.png','2019-10-29 10:57:49','2019-10-29 10:57:49'),(3,'Huawei','https://www.freepnglogos.com/uploads/huawei-logo-png/huawei-logo-icon-11.png','2019-10-29 10:57:49','2019-10-29 10:57:49'),(4,'LG','http://www.myiconfinder.com/uploads/iconsets/256-256-d14c8c035b3c8f8d7c74085ce761c24e-lg.png','2019-10-29 10:57:49','2019-10-29 10:57:49'),(5,'Sony','https://etree.de/wp-content/uploads/2018/09/sony-logo-etree.jpg','2019-10-29 10:57:49','2019-10-29 10:57:49'),(6,'OnePlus','https://cdn.iconscout.com/icon/free/png-256/oneplus-282590.png','2019-10-29 10:57:49','2019-10-29 10:57:49'),(7,'Oppo','https://hashmart.co.ke/media/brand/o/p/oppo.png','2019-10-29 10:57:49','2019-10-29 10:57:49'),(8,'Vivo','https://cdn.iconscout.com/icon/free/png-256/vivo-1-285323.png','2019-10-29 10:57:49','2019-10-29 10:57:49'),(9,'Xiaomi','https://cdn.iconscout.com/icon/free/png-256/xiaomi-2-722656.png','2019-10-29 10:57:49','2019-10-29 10:57:49');
/*!40000 ALTER TABLE `brands` ENABLE KEYS */;
UNLOCK TABLES;

--
-- Table structure for table `cashboxes`
--

DROP TABLE IF EXISTS `cashboxes`;
/*!40101 SET @saved_cs_client     = @@character_set_client */;
/*!40101 SET character_set_client = utf8 */;
CREATE TABLE `cashboxes` (
  `id` bigint(20) unsigned NOT NULL AUTO_INCREMENT,
  `name` varchar(191) COLLATE utf8mb4_unicode_ci NOT NULL,
  `amount` double(8,2) NOT NULL,
  `created_at` timestamp NULL DEFAULT NULL,
  `updated_at` timestamp NULL DEFAULT NULL,
  PRIMARY KEY (`id`)
) ENGINE=InnoDB DEFAULT CHARSET=utf8mb4 COLLATE=utf8mb4_unicode_ci;
/*!40101 SET character_set_client = @saved_cs_client */;

--
-- Dumping data for table `cashboxes`
--

LOCK TABLES `cashboxes` WRITE;
/*!40000 ALTER TABLE `cashboxes` DISABLE KEYS */;
/*!40000 ALTER TABLE `cashboxes` ENABLE KEYS */;
UNLOCK TABLES;

--
-- Table structure for table `colors`
--

DROP TABLE IF EXISTS `colors`;
/*!40101 SET @saved_cs_client     = @@character_set_client */;
/*!40101 SET character_set_client = utf8 */;
CREATE TABLE `colors` (
  `id` int(10) unsigned NOT NULL AUTO_INCREMENT,
  `name` varchar(191) COLLATE utf8mb4_unicode_ci NOT NULL,
  `created_at` timestamp NULL DEFAULT NULL,
  `updated_at` timestamp NULL DEFAULT NULL,
  PRIMARY KEY (`id`)
) ENGINE=InnoDB AUTO_INCREMENT=13 DEFAULT CHARSET=utf8mb4 COLLATE=utf8mb4_unicode_ci;
/*!40101 SET character_set_client = @saved_cs_client */;

--
-- Dumping data for table `colors`
--

LOCK TABLES `colors` WRITE;
/*!40000 ALTER TABLE `colors` DISABLE KEYS */;
INSERT INTO `colors` VALUES (1,'none','2019-10-29 10:57:51','2019-10-29 10:57:51'),(2,'Black','2019-10-29 10:57:51','2019-10-29 10:57:51'),(3,'White','2019-10-29 10:57:51','2019-10-29 10:57:51'),(4,'Silver','2019-10-29 10:57:51','2019-10-29 10:57:51'),(5,'Product Red','2019-10-29 10:57:51','2019-10-29 10:57:51'),(6,'Space Gray','2019-10-29 10:57:51','2019-10-29 10:57:51'),(7,'Midnight Green','2019-10-29 10:57:51','2019-10-29 10:57:51'),(8,'Gold','2019-10-29 10:57:51','2019-10-29 10:57:51'),(9,'Blue','2019-10-29 10:57:51','2019-10-29 10:57:51'),(10,'Pink','2019-10-29 10:57:51','2019-10-29 10:57:51'),(11,'Yellow','2019-10-29 10:57:51','2019-10-29 10:57:51'),(12,'Green','2019-10-29 10:57:51','2019-10-29 10:57:51');
/*!40000 ALTER TABLE `colors` ENABLE KEYS */;
UNLOCK TABLES;

--
-- Table structure for table `companies`
--

DROP TABLE IF EXISTS `companies`;
/*!40101 SET @saved_cs_client     = @@character_set_client */;
/*!40101 SET character_set_client = utf8 */;
CREATE TABLE `companies` (
  `id` int(10) unsigned NOT NULL AUTO_INCREMENT,
  `name` varchar(191) COLLATE utf8mb4_unicode_ci NOT NULL,
  `currency_id` int(10) unsigned NOT NULL,
  `address` varchar(191) COLLATE utf8mb4_unicode_ci NOT NULL,
  `phone` varchar(191) COLLATE utf8mb4_unicode_ci NOT NULL,
  `created_at` timestamp NULL DEFAULT NULL,
  `updated_at` timestamp NULL DEFAULT NULL,
  PRIMARY KEY (`id`),
  UNIQUE KEY `companies_name_unique` (`name`),
  KEY `companies_currency_id_foreign` (`currency_id`),
  CONSTRAINT `companies_currency_id_foreign` FOREIGN KEY (`currency_id`) REFERENCES `currencies` (`id`)
) ENGINE=InnoDB AUTO_INCREMENT=3 DEFAULT CHARSET=utf8mb4 COLLATE=utf8mb4_unicode_ci;
/*!40101 SET character_set_client = @saved_cs_client */;

--
-- Dumping data for table `companies`
--

LOCK TABLES `companies` WRITE;
/*!40000 ALTER TABLE `companies` DISABLE KEYS */;
INSERT INTO `companies` VALUES (1,'PhoneFactory',1,'Wagramerstraße 94, Top 1A','+43 1 3694001','2019-10-29 10:57:49','2019-10-29 10:57:49'),(2,'NewCompany',1,'Brigittenau','+43 1 23456789','2019-11-06 20:05:32','2019-11-06 20:05:32');
/*!40000 ALTER TABLE `companies` ENABLE KEYS */;
UNLOCK TABLES;

--
-- Table structure for table `currencies`
--

DROP TABLE IF EXISTS `currencies`;
/*!40101 SET @saved_cs_client     = @@character_set_client */;
/*!40101 SET character_set_client = utf8 */;
CREATE TABLE `currencies` (
  `id` int(10) unsigned NOT NULL AUTO_INCREMENT,
  `name` varchar(191) COLLATE utf8mb4_unicode_ci NOT NULL,
  `symbol` varchar(191) COLLATE utf8mb4_unicode_ci NOT NULL,
  `created_at` timestamp NULL DEFAULT NULL,
  `updated_at` timestamp NULL DEFAULT NULL,
  PRIMARY KEY (`id`),
  UNIQUE KEY `currencies_name_unique` (`name`),
  UNIQUE KEY `currencies_symbol_unique` (`symbol`)
) ENGINE=InnoDB AUTO_INCREMENT=2 DEFAULT CHARSET=utf8mb4 COLLATE=utf8mb4_unicode_ci;
/*!40101 SET character_set_client = @saved_cs_client */;

--
-- Dumping data for table `currencies`
--

LOCK TABLES `currencies` WRITE;
/*!40000 ALTER TABLE `currencies` DISABLE KEYS */;
INSERT INTO `currencies` VALUES (1,'Euro','EUR','2019-10-29 10:57:49','2019-10-29 10:57:49');
/*!40000 ALTER TABLE `currencies` ENABLE KEYS */;
UNLOCK TABLES;

--
-- Table structure for table `customer_has_branches`
--

DROP TABLE IF EXISTS `customer_has_branches`;
/*!40101 SET @saved_cs_client     = @@character_set_client */;
/*!40101 SET character_set_client = utf8 */;
CREATE TABLE `customer_has_branches` (
  `id` int(10) unsigned NOT NULL AUTO_INCREMENT,
  `customer_id` int(10) unsigned NOT NULL,
  `branch_id` int(10) unsigned NOT NULL,
  `created_at` timestamp NULL DEFAULT NULL,
  `updated_at` timestamp NULL DEFAULT NULL,
  PRIMARY KEY (`id`),
  KEY `customer_has_branches_customer_id_foreign` (`customer_id`),
  KEY `customer_has_branches_branch_id_foreign` (`branch_id`),
  CONSTRAINT `customer_has_branches_branch_id_foreign` FOREIGN KEY (`branch_id`) REFERENCES `branches` (`id`),
  CONSTRAINT `customer_has_branches_customer_id_foreign` FOREIGN KEY (`customer_id`) REFERENCES `customers` (`id`)
) ENGINE=InnoDB AUTO_INCREMENT=252 DEFAULT CHARSET=utf8mb4 COLLATE=utf8mb4_unicode_ci;
/*!40101 SET character_set_client = @saved_cs_client */;

--
-- Dumping data for table `customer_has_branches`
--

LOCK TABLES `customer_has_branches` WRITE;
/*!40000 ALTER TABLE `customer_has_branches` DISABLE KEYS */;
INSERT INTO `customer_has_branches` VALUES (1,1,3,'2019-10-29 13:14:04','2019-10-29 13:14:04'),(2,2,3,'2019-10-29 13:15:30','2019-10-29 13:15:30'),(3,3,3,'2019-10-29 13:18:06','2019-10-29 13:18:06'),(4,4,3,'2019-10-29 13:21:18','2019-10-29 13:21:18'),(5,5,3,'2019-10-29 13:24:12','2019-10-29 13:24:12'),(6,6,3,'2019-10-29 13:27:36','2019-10-29 13:27:36'),(7,7,3,'2019-10-29 13:32:57','2019-10-29 13:32:57'),(8,8,3,'2019-10-29 13:35:46','2019-10-29 13:35:46'),(10,10,3,'2019-10-29 13:44:08','2019-10-29 13:44:08'),(11,11,3,'2019-10-29 13:50:55','2019-10-29 13:50:55'),(12,12,3,'2019-10-29 14:39:28','2019-10-29 14:39:28'),(13,13,1,'2019-10-29 16:22:13','2019-10-29 16:22:13'),(14,14,1,'2019-10-29 16:23:56','2019-10-29 16:23:56'),(15,15,1,'2019-10-29 16:26:09','2019-10-29 16:26:09'),(16,16,1,'2019-10-29 16:31:40','2019-10-29 16:31:40'),(17,17,1,'2019-10-29 16:34:37','2019-10-29 16:34:37'),(18,18,1,'2019-10-29 16:37:46','2019-10-29 16:37:46'),(19,19,2,'2019-10-29 17:53:30','2019-10-29 17:53:30'),(20,20,4,'2019-10-30 10:29:35','2019-10-30 10:29:35'),(21,21,4,'2019-10-30 10:36:16','2019-10-30 10:36:16'),(22,22,4,'2019-10-30 11:06:36','2019-10-30 11:06:36'),(23,23,4,'2019-10-30 11:12:38','2019-10-30 11:12:38'),(24,24,4,'2019-10-30 11:15:38','2019-10-30 11:15:38'),(25,25,4,'2019-10-30 11:18:02','2019-10-30 11:18:02'),(26,26,4,'2019-10-30 11:20:29','2019-10-30 11:20:29'),(27,27,4,'2019-10-30 11:24:54','2019-10-30 11:24:54'),(28,28,3,'2019-10-30 12:43:28','2019-10-30 12:43:28'),(29,29,1,'2019-10-30 14:52:15','2019-10-30 14:52:15'),(30,30,1,'2019-10-30 14:54:41','2019-10-30 14:54:41'),(31,31,3,'2019-10-30 16:44:59','2019-10-30 16:44:59'),(32,32,1,'2019-10-31 07:55:08','2019-10-31 07:55:08'),(33,33,4,'2019-11-04 09:15:14','2019-11-04 09:15:14'),(34,34,4,'2019-11-04 09:20:17','2019-11-04 09:20:17'),(35,35,4,'2019-11-04 09:22:53','2019-11-04 09:22:53'),(36,36,4,'2019-11-04 09:55:48','2019-11-04 09:55:48'),(37,37,4,'2019-11-04 10:17:48','2019-11-04 10:17:48'),(38,38,1,'2019-11-06 10:13:15','2019-11-06 10:13:15'),(39,39,4,'2019-11-06 13:37:32','2019-11-06 13:37:32'),(40,40,1,'2019-11-06 13:38:49','2019-11-06 13:38:49'),(41,41,1,'2019-11-06 13:54:02','2019-11-06 13:54:02'),(42,42,1,'2019-11-06 15:22:42','2019-11-06 15:22:42'),(43,43,4,'2019-11-07 15:06:35','2019-11-07 15:06:35'),(44,44,3,'2019-11-07 15:38:13','2019-11-07 15:38:13'),(45,45,2,'2019-11-08 08:14:05','2019-11-08 08:14:05'),(46,46,3,'2019-11-09 11:19:40','2019-11-09 11:19:40'),(47,47,3,'2019-11-09 11:22:33','2019-11-09 11:22:33'),(48,48,4,'2019-11-09 12:02:04','2019-11-09 12:02:04'),(49,49,3,'2019-11-09 12:02:11','2019-11-09 12:02:11'),(50,50,4,'2019-11-09 13:26:42','2019-11-09 13:26:42'),(51,51,4,'2019-11-09 16:12:00','2019-11-09 16:12:00'),(53,53,5,'2019-11-10 11:08:14','2019-11-10 11:08:14'),(54,54,5,'2019-11-10 11:09:18','2019-11-10 11:09:18'),(55,55,5,'2019-11-11 07:34:38','2019-11-11 07:34:38'),(56,56,1,'2019-11-11 08:42:29','2019-11-11 08:42:29'),(57,57,1,'2019-11-11 11:48:50','2019-11-11 11:48:50'),(58,58,1,'2019-11-11 18:11:56','2019-11-11 18:11:56'),(59,59,4,'2019-11-12 12:11:16','2019-11-12 12:11:16'),(60,60,3,'2019-11-12 13:18:58','2019-11-12 13:18:58'),(61,61,4,'2019-11-12 16:19:05','2019-11-12 16:19:05'),(62,62,3,'2019-11-13 10:07:01','2019-11-13 10:07:01'),(63,63,1,'2019-11-14 14:36:43','2019-11-14 14:36:43'),(64,64,1,'2019-11-14 14:40:48','2019-11-14 14:40:48'),(65,65,1,'2019-11-14 15:55:04','2019-11-14 15:55:04'),(66,66,1,'2019-11-15 08:59:56','2019-11-15 08:59:56'),(67,67,1,'2019-11-15 09:56:07','2019-11-15 09:56:07'),(68,68,1,'2019-11-15 15:25:58','2019-11-15 15:25:58'),(69,69,2,'2019-11-15 16:49:39','2019-11-15 16:49:39'),(70,70,2,'2019-11-16 09:48:51','2019-11-16 09:48:51'),(71,71,4,'2019-11-16 09:58:27','2019-11-16 09:58:27'),(72,72,2,'2019-11-16 11:42:49','2019-11-16 11:42:49'),(73,73,3,'2019-11-16 14:09:45','2019-11-16 14:09:45'),(74,74,3,'2019-11-16 14:32:04','2019-11-16 14:32:04'),(75,75,4,'2019-11-16 15:08:07','2019-11-16 15:08:07'),(76,76,1,'2019-11-16 16:52:30','2019-11-16 16:52:30'),(77,77,6,'2019-11-17 12:36:17','2019-11-17 12:36:17'),(78,78,1,'2019-11-18 08:15:13','2019-11-18 08:15:13'),(79,79,1,'2019-11-18 10:03:35','2019-11-18 10:03:35'),(80,80,1,'2019-11-18 11:31:49','2019-11-18 11:31:49'),(81,81,1,'2019-11-18 11:50:57','2019-11-18 11:50:57'),(82,82,1,'2019-11-18 12:22:54','2019-11-18 12:22:54'),(83,83,2,'2019-11-18 12:47:49','2019-11-18 12:47:49'),(84,84,1,'2019-11-18 15:32:49','2019-11-18 15:32:49'),(85,85,3,'2019-11-18 16:10:10','2019-11-18 16:10:10'),(86,86,1,'2019-11-18 16:21:31','2019-11-18 16:21:31'),(87,87,1,'2019-11-19 17:05:51','2019-11-19 17:05:51'),(88,88,3,'2019-11-20 12:31:58','2019-11-20 12:31:58'),(89,89,2,'2019-11-21 12:06:36','2019-11-21 12:06:36'),(90,90,3,'2019-11-21 14:11:09','2019-11-21 14:11:09'),(91,91,4,'2019-11-21 14:18:58','2019-11-21 14:18:58'),(92,92,5,'2019-11-21 18:39:40','2019-11-21 18:39:40'),(93,93,1,'2019-11-22 11:28:37','2019-11-22 11:28:37'),(94,94,3,'2019-11-22 15:50:01','2019-11-22 15:50:01'),(95,95,3,'2019-11-23 11:59:14','2019-11-23 11:59:14'),(96,96,3,'2019-11-23 13:11:53','2019-11-23 13:11:53'),(97,97,3,'2019-11-23 13:14:22','2019-11-23 13:14:22'),(98,98,4,'2019-11-23 15:27:58','2019-11-23 15:27:58'),(99,99,5,'2019-11-24 19:55:24','2019-11-24 19:55:24'),(100,100,3,'2019-11-25 16:40:35','2019-11-25 16:40:35'),(101,101,1,'2019-11-25 17:13:49','2019-11-25 17:13:49'),(102,102,2,'2019-11-26 10:35:34','2019-11-26 10:35:34'),(103,103,3,'2019-11-26 16:10:43','2019-11-26 16:10:43'),(104,104,2,'2019-11-27 08:26:40','2019-11-27 08:26:40'),(105,105,1,'2019-11-27 08:27:44','2019-11-27 08:27:44'),(106,106,1,'2019-11-27 08:38:27','2019-11-27 08:38:27'),(107,107,1,'2019-11-27 11:34:10','2019-11-27 11:34:10'),(108,108,1,'2019-11-27 12:12:16','2019-11-27 12:12:16'),(109,109,4,'2019-11-27 12:19:54','2019-11-27 12:19:54'),(110,110,1,'2019-11-27 12:50:09','2019-11-27 12:50:09'),(111,111,1,'2019-11-27 13:33:27','2019-11-27 13:33:27'),(112,112,1,'2019-11-28 08:16:04','2019-11-28 08:16:04'),(113,113,1,'2019-11-28 11:58:52','2019-11-28 11:58:52'),(114,114,1,'2019-11-28 12:13:37','2019-11-28 12:13:37'),(115,115,4,'2019-11-28 16:39:13','2019-11-28 16:39:13'),(116,116,2,'2019-11-28 16:51:37','2019-11-28 16:51:37'),(117,117,1,'2019-11-29 09:07:58','2019-11-29 09:07:58'),(118,118,4,'2019-11-29 11:20:54','2019-11-29 11:20:54'),(119,119,1,'2019-11-29 11:37:34','2019-11-29 11:37:34'),(120,120,3,'2019-11-29 11:59:34','2019-11-29 11:59:34'),(121,121,1,'2019-11-30 10:02:25','2019-11-30 10:02:25'),(122,122,2,'2019-11-30 12:13:43','2019-11-30 12:13:43'),(123,123,1,'2019-12-02 08:57:54','2019-12-02 08:57:54'),(124,124,4,'2019-12-02 10:34:23','2019-12-02 10:34:23'),(125,125,4,'2019-12-02 10:36:08','2019-12-02 10:36:08'),(126,126,4,'2019-12-02 10:37:46','2019-12-02 10:37:46'),(127,127,4,'2019-12-02 10:39:36','2019-12-02 10:39:36'),(128,128,1,'2019-12-02 11:31:57','2019-12-02 11:31:57'),(129,129,4,'2019-12-02 12:40:17','2019-12-02 12:40:17'),(130,130,2,'2019-12-02 13:57:46','2019-12-02 13:57:46'),(131,131,1,'2019-12-02 14:35:30','2019-12-02 14:35:30'),(132,132,1,'2019-12-02 16:16:58','2019-12-02 16:16:58'),(133,133,4,'2019-12-03 08:07:00','2019-12-03 08:07:00'),(134,134,1,'2019-12-03 09:47:38','2019-12-03 09:47:38'),(135,135,3,'2019-12-03 09:50:42','2019-12-03 09:50:42'),(136,136,1,'2019-12-03 09:55:09','2019-12-03 09:55:09'),(137,137,3,'2019-12-03 09:58:37','2019-12-03 09:58:37'),(138,138,2,'2019-12-03 16:26:09','2019-12-03 16:26:09'),(139,139,1,'2019-12-03 17:13:08','2019-12-03 17:13:08'),(140,140,1,'2019-12-03 17:28:33','2019-12-03 17:28:33'),(141,141,4,'2019-12-04 08:00:38','2019-12-04 08:00:38'),(142,142,3,'2019-12-04 13:21:40','2019-12-04 13:21:40'),(143,143,2,'2019-12-04 14:10:54','2019-12-04 14:10:54'),(144,144,2,'2019-12-05 09:21:28','2019-12-05 09:21:28'),(145,145,3,'2019-12-05 11:14:10','2019-12-05 11:14:10'),(146,146,4,'2019-12-05 13:32:36','2019-12-05 13:32:36'),(147,147,2,'2019-12-05 16:16:41','2019-12-05 16:16:41'),(148,148,1,'2019-12-06 08:05:19','2019-12-06 08:05:19'),(149,149,4,'2019-12-06 13:06:17','2019-12-06 13:06:17'),(150,150,4,'2019-12-07 13:50:52','2019-12-07 13:50:52'),(151,151,3,'2019-12-07 15:53:32','2019-12-07 15:53:32'),(152,152,1,'2019-12-09 08:34:35','2019-12-09 08:34:35'),(153,153,1,'2019-12-09 08:59:54','2019-12-09 08:59:54'),(154,154,3,'2019-12-09 14:46:45','2019-12-09 14:46:45'),(155,155,2,'2019-12-10 15:15:24','2019-12-10 15:15:24'),(156,156,1,'2019-12-10 16:57:40','2019-12-10 16:57:40'),(157,157,4,'2019-12-11 11:11:35','2019-12-11 11:11:35'),(158,158,1,'2019-12-11 13:16:09','2019-12-11 13:16:09'),(159,159,4,'2019-12-11 17:31:57','2019-12-11 17:31:57'),(160,160,1,'2019-12-11 18:35:26','2019-12-11 18:35:26'),(161,161,1,'2019-12-12 13:15:09','2019-12-12 13:15:09'),(162,162,1,'2019-12-12 14:41:39','2019-12-12 14:41:39'),(163,163,4,'2019-12-13 13:47:23','2019-12-13 13:47:23'),(164,164,4,'2019-12-13 17:24:15','2019-12-13 17:24:15'),(165,165,2,'2019-12-14 13:58:54','2019-12-14 13:58:54'),(166,166,3,'2019-12-17 10:08:11','2019-12-17 10:08:11'),(167,167,2,'2019-12-17 10:17:35','2019-12-17 10:17:35'),(168,168,2,'2019-12-17 12:32:52','2019-12-17 12:32:52'),(169,169,1,'2019-12-17 16:27:03','2019-12-17 16:27:03'),(170,170,4,'2019-12-18 10:10:26','2019-12-18 10:10:26'),(171,171,1,'2019-12-19 08:17:08','2019-12-19 08:17:08'),(172,172,1,'2019-12-19 13:54:51','2019-12-19 13:54:51'),(173,173,3,'2019-12-19 14:48:11','2019-12-19 14:48:11'),(174,174,1,'2019-12-20 08:10:28','2019-12-20 08:10:28'),(175,175,1,'2019-12-20 10:17:49','2019-12-20 10:17:49'),(176,176,2,'2019-12-21 12:50:18','2019-12-21 12:50:18'),(177,177,1,'2019-12-23 11:37:40','2019-12-23 11:37:40'),(178,178,1,'2019-12-23 13:04:43','2019-12-23 13:04:43'),(179,179,3,'2019-12-23 17:35:40','2019-12-23 17:35:40'),(180,180,1,'2019-12-27 09:46:19','2019-12-27 09:46:19'),(181,181,4,'2019-12-27 16:28:13','2019-12-27 16:28:13'),(182,182,1,'2019-12-27 16:54:07','2019-12-27 16:54:07'),(183,183,1,'2019-12-28 08:21:20','2019-12-28 08:21:20'),(184,184,1,'2019-12-28 14:26:42','2019-12-28 14:26:42'),(185,185,1,'2019-12-28 14:42:42','2019-12-28 14:42:42'),(186,186,4,'2019-12-28 15:27:27','2019-12-28 15:27:27'),(187,187,4,'2019-12-28 15:29:53','2019-12-28 15:29:53'),(188,188,1,'2019-12-28 15:47:20','2019-12-28 15:47:20'),(189,189,3,'2019-12-30 10:53:37','2019-12-30 10:53:37'),(190,190,3,'2019-12-30 13:56:00','2019-12-30 13:56:00'),(191,191,1,'2019-12-30 15:23:35','2019-12-30 15:23:35'),(192,192,3,'2019-12-30 16:23:22','2019-12-30 16:23:22'),(193,193,1,'2019-12-31 10:37:37','2019-12-31 10:37:37'),(194,194,2,'2020-01-02 11:00:40','2020-01-02 11:00:40'),(195,195,3,'2020-01-02 12:37:46','2020-01-02 12:37:46'),(196,196,3,'2020-01-02 12:39:21','2020-01-02 12:39:21'),(197,197,4,'2020-01-02 13:09:07','2020-01-02 13:09:07'),(198,198,4,'2020-01-02 13:28:41','2020-01-02 13:28:41'),(199,199,4,'2020-01-02 16:25:21','2020-01-02 16:25:21'),(200,200,2,'2020-01-03 08:57:45','2020-01-03 08:57:45'),(201,201,3,'2020-01-03 13:06:24','2020-01-03 13:06:24'),(202,202,4,'2020-01-03 13:24:25','2020-01-03 13:24:25'),(203,203,4,'2020-01-03 13:33:03','2020-01-03 13:33:03'),(204,204,2,'2020-01-04 13:18:40','2020-01-04 13:18:40'),(205,205,3,'2020-01-04 14:53:51','2020-01-04 14:53:51'),(206,206,3,'2020-01-04 14:56:38','2020-01-04 14:56:38'),(207,207,1,'2020-01-07 11:10:33','2020-01-07 11:10:33'),(208,208,1,'2020-01-07 11:12:31','2020-01-07 11:12:31'),(209,209,4,'2020-01-07 17:32:41','2020-01-07 17:32:41'),(210,210,5,'2020-01-08 08:05:08','2020-01-08 08:05:08'),(211,211,2,'2020-01-08 08:51:56','2020-01-08 08:51:56'),(212,212,2,'2020-01-08 08:53:52','2020-01-08 08:53:52'),(213,213,3,'2020-01-08 09:45:08','2020-01-08 09:45:08'),(214,214,4,'2020-01-08 14:39:54','2020-01-08 14:39:54'),(215,215,3,'2020-01-09 12:29:30','2020-01-09 12:29:30'),(216,216,2,'2020-01-09 13:27:05','2020-01-09 13:27:05'),(217,217,3,'2020-01-09 13:50:29','2020-01-09 13:50:29'),(218,218,4,'2020-01-10 09:37:03','2020-01-10 09:37:03'),(219,219,4,'2020-01-10 11:29:42','2020-01-10 11:29:42'),(220,220,4,'2020-01-10 14:57:18','2020-01-10 14:57:18'),(221,221,2,'2020-01-13 11:08:06','2020-01-13 11:08:06'),(222,222,2,'2020-01-13 11:33:56','2020-01-13 11:33:56'),(223,223,1,'2020-01-13 12:45:10','2020-01-13 12:45:10'),(224,224,3,'2020-01-13 15:49:54','2020-01-13 15:49:54'),(225,225,1,'2020-01-13 16:20:21','2020-01-13 16:20:21'),(226,226,1,'2020-01-14 11:40:54','2020-01-14 11:40:54'),(227,227,4,'2020-01-14 12:01:59','2020-01-14 12:01:59'),(228,228,3,'2020-01-14 17:10:00','2020-01-14 17:10:00'),(229,229,3,'2020-01-14 17:10:54','2020-01-14 17:10:54'),(230,230,3,'2020-01-14 17:12:00','2020-01-14 17:12:00'),(231,231,2,'2020-01-15 12:03:25','2020-01-15 12:03:25'),(232,232,1,'2020-01-15 13:38:33','2020-01-15 13:38:33'),(233,233,4,'2020-01-15 18:00:51','2020-01-15 18:00:51'),(234,234,1,'2020-01-21 08:19:35','2020-01-21 08:19:35'),(235,235,1,'2020-01-21 08:21:38','2020-01-21 08:21:38'),(236,236,1,'2020-01-21 10:55:47','2020-01-21 10:55:47'),(237,237,3,'2020-01-21 11:22:48','2020-01-21 11:22:48'),(238,238,2,'2020-01-21 11:54:19','2020-01-21 11:54:19'),(239,239,2,'2020-01-21 12:49:34','2020-01-21 12:49:34'),(240,240,2,'2020-01-21 13:51:01','2020-01-21 13:51:01'),(241,241,2,'2020-01-21 15:51:57','2020-01-21 15:51:57'),(242,242,3,'2020-01-21 16:40:21','2020-01-21 16:40:21'),(243,243,1,'2020-01-21 18:25:55','2020-01-21 18:25:55'),(244,244,1,'2020-01-24 08:23:20','2020-01-24 08:23:20'),(245,245,1,'2020-01-24 08:24:37','2020-01-24 08:24:37'),(246,246,1,'2020-01-24 08:26:59','2020-01-24 08:26:59'),(247,247,1,'2020-01-24 08:27:56','2020-01-24 08:27:56'),(248,248,3,'2020-01-24 10:46:39','2020-01-24 10:46:39'),(249,249,3,'2020-01-24 10:48:21','2020-01-24 10:48:21'),(250,250,1,'2020-01-25 09:42:50','2020-01-25 09:42:50'),(251,251,2,'2020-01-25 15:52:51','2020-01-25 15:52:51');
/*!40000 ALTER TABLE `customer_has_branches` ENABLE KEYS */;
UNLOCK TABLES;

--
-- Table structure for table `customer_types`
--

DROP TABLE IF EXISTS `customer_types`;
/*!40101 SET @saved_cs_client     = @@character_set_client */;
/*!40101 SET character_set_client = utf8 */;
CREATE TABLE `customer_types` (
  `id` int(10) unsigned NOT NULL AUTO_INCREMENT,
  `name` varchar(191) COLLATE utf8mb4_unicode_ci NOT NULL,
  `created_at` timestamp NULL DEFAULT NULL,
  `updated_at` timestamp NULL DEFAULT NULL,
  PRIMARY KEY (`id`)
) ENGINE=InnoDB AUTO_INCREMENT=3 DEFAULT CHARSET=utf8mb4 COLLATE=utf8mb4_unicode_ci;
/*!40101 SET character_set_client = @saved_cs_client */;

--
-- Dumping data for table `customer_types`
--

LOCK TABLES `customer_types` WRITE;
/*!40000 ALTER TABLE `customer_types` DISABLE KEYS */;
INSERT INTO `customer_types` VALUES (1,'Person','2019-10-29 10:57:49','2019-10-29 10:57:49'),(2,'Company','2019-10-29 10:57:49','2019-10-29 10:57:49');
/*!40000 ALTER TABLE `customer_types` ENABLE KEYS */;
UNLOCK TABLES;

--
-- Table structure for table `customers`
--

DROP TABLE IF EXISTS `customers`;
/*!40101 SET @saved_cs_client     = @@character_set_client */;
/*!40101 SET character_set_client = utf8 */;
CREATE TABLE `customers` (
  `id` int(10) unsigned NOT NULL AUTO_INCREMENT,
  `person_id` int(10) unsigned NOT NULL,
  `email` varchar(191) COLLATE utf8mb4_unicode_ci DEFAULT NULL,
  `stars_number` double DEFAULT NULL,
  `type_id` int(10) unsigned DEFAULT NULL,
  `company_id` int(10) unsigned NOT NULL,
  `created_by` int(10) unsigned DEFAULT NULL,
  `created_at` timestamp NULL DEFAULT NULL,
  `updated_at` timestamp NULL DEFAULT NULL,
  PRIMARY KEY (`id`),
  UNIQUE KEY `customers_person_id_unique` (`person_id`),
  KEY `customers_type_id_foreign` (`type_id`),
  KEY `customers_company_id_foreign` (`company_id`),
  KEY `customers_created_by_foreign` (`created_by`),
  CONSTRAINT `customers_company_id_foreign` FOREIGN KEY (`company_id`) REFERENCES `companies` (`id`),
  CONSTRAINT `customers_created_by_foreign` FOREIGN KEY (`created_by`) REFERENCES `users` (`id`),
  CONSTRAINT `customers_person_id_foreign` FOREIGN KEY (`person_id`) REFERENCES `people` (`id`),
  CONSTRAINT `customers_type_id_foreign` FOREIGN KEY (`type_id`) REFERENCES `customer_types` (`id`)
) ENGINE=InnoDB AUTO_INCREMENT=252 DEFAULT CHARSET=utf8mb4 COLLATE=utf8mb4_unicode_ci;
/*!40101 SET character_set_client = @saved_cs_client */;

--
-- Dumping data for table `customers`
--

LOCK TABLES `customers` WRITE;
/*!40000 ALTER TABLE `customers` DISABLE KEYS */;
INSERT INTO `customers` VALUES (1,5,NULL,NULL,1,1,1,'2019-10-29 13:14:04','2019-10-29 13:14:04'),(2,6,NULL,NULL,1,1,1,'2019-10-29 13:15:30','2019-10-29 13:15:30'),(3,7,NULL,NULL,1,1,1,'2019-10-29 13:18:06','2019-10-29 13:18:06'),(4,8,NULL,NULL,1,1,1,'2019-10-29 13:21:18','2019-10-29 13:21:18'),(5,9,NULL,NULL,1,1,1,'2019-10-29 13:24:12','2019-10-29 13:24:12'),(6,10,NULL,1,1,1,1,'2019-10-29 13:27:36','2019-12-03 20:04:27'),(7,11,NULL,NULL,1,1,1,'2019-10-29 13:32:57','2019-10-29 13:32:57'),(8,12,NULL,NULL,1,1,1,'2019-10-29 13:35:46','2019-10-29 13:35:46'),(9,13,NULL,NULL,1,1,1,'2019-10-29 13:38:30','2019-10-29 13:38:30'),(10,14,NULL,NULL,1,1,1,'2019-10-29 13:44:08','2019-10-29 13:44:08'),(11,15,NULL,NULL,1,1,1,'2019-10-29 13:50:55','2019-10-29 13:50:55'),(12,17,NULL,NULL,1,1,1,'2019-10-29 14:39:28','2019-10-29 14:39:28'),(13,18,NULL,NULL,1,1,1,'2019-10-29 16:22:13','2019-10-29 16:22:13'),(14,19,NULL,NULL,1,1,1,'2019-10-29 16:23:56','2019-10-29 16:23:56'),(15,20,NULL,NULL,1,1,1,'2019-10-29 16:26:09','2019-10-29 16:26:09'),(16,21,NULL,NULL,1,1,1,'2019-10-29 16:31:40','2019-10-29 16:31:40'),(17,22,NULL,NULL,1,1,1,'2019-10-29 16:34:37','2019-10-29 16:34:37'),(18,23,NULL,NULL,1,1,1,'2019-10-29 16:37:46','2019-10-29 16:37:46'),(19,24,NULL,NULL,1,1,1,'2019-10-29 17:53:30','2019-10-29 17:53:30'),(20,25,NULL,NULL,1,1,1,'2019-10-30 10:29:35','2019-10-30 10:29:35'),(21,26,NULL,NULL,1,1,1,'2019-10-30 10:36:16','2019-10-30 10:36:16'),(22,27,NULL,NULL,1,1,1,'2019-10-30 11:06:36','2019-10-30 11:06:36'),(23,28,NULL,NULL,1,1,1,'2019-10-30 11:12:38','2019-10-30 11:12:38'),(24,29,NULL,NULL,1,1,1,'2019-10-30 11:15:38','2019-10-30 11:15:38'),(25,30,NULL,NULL,1,1,1,'2019-10-30 11:18:02','2019-10-30 11:18:02'),(26,31,NULL,NULL,1,1,1,'2019-10-30 11:20:29','2019-10-30 11:20:29'),(27,32,NULL,NULL,1,1,1,'2019-10-30 11:24:54','2019-10-30 11:24:54'),(28,33,NULL,NULL,1,1,1,'2019-10-30 12:43:28','2019-10-30 12:43:28'),(29,34,NULL,NULL,1,1,1,'2019-10-30 14:52:15','2019-10-30 14:52:15'),(30,35,NULL,NULL,1,1,1,'2019-10-30 14:54:41','2019-10-30 14:54:41'),(31,36,NULL,NULL,1,1,1,'2019-10-30 16:44:59','2019-10-30 16:44:59'),(32,37,NULL,NULL,1,1,1,'2019-10-31 07:55:08','2019-10-31 07:55:08'),(33,38,NULL,NULL,1,1,1,'2019-11-04 09:15:14','2019-11-04 09:15:14'),(34,39,NULL,NULL,1,1,1,'2019-11-04 09:20:17','2019-11-04 09:20:17'),(35,40,NULL,NULL,1,1,1,'2019-11-04 09:22:53','2019-11-04 09:22:53'),(36,41,NULL,NULL,1,1,1,'2019-11-04 09:55:48','2019-11-04 09:55:48'),(37,42,NULL,NULL,1,1,1,'2019-11-04 10:17:48','2019-11-04 10:17:48'),(38,43,NULL,NULL,1,1,1,'2019-11-06 10:13:15','2019-11-06 10:13:15'),(39,44,NULL,NULL,1,1,1,'2019-11-06 13:37:32','2019-11-06 13:37:32'),(40,45,NULL,NULL,1,1,1,'2019-11-06 13:38:49','2019-11-06 13:38:49'),(41,46,NULL,NULL,1,1,1,'2019-11-06 13:54:02','2019-11-06 13:54:02'),(42,47,NULL,NULL,1,1,1,'2019-11-06 15:22:42','2019-11-06 15:22:42'),(43,49,NULL,NULL,1,1,1,'2019-11-07 15:06:35','2019-11-07 15:06:35'),(44,50,NULL,NULL,1,1,1,'2019-11-07 15:38:13','2019-11-07 15:38:13'),(45,51,NULL,NULL,1,1,1,'2019-11-08 08:14:05','2019-11-08 08:14:05'),(46,52,NULL,NULL,1,1,1,'2019-11-09 11:19:40','2019-11-09 11:19:40'),(47,53,NULL,NULL,1,1,1,'2019-11-09 11:22:33','2019-11-09 11:22:33'),(48,54,NULL,NULL,1,1,1,'2019-11-09 12:02:04','2019-11-09 12:02:04'),(49,55,NULL,NULL,1,1,1,'2019-11-09 12:02:11','2019-11-09 12:02:11'),(50,56,NULL,NULL,1,1,1,'2019-11-09 13:26:42','2019-11-09 13:26:42'),(51,57,NULL,NULL,1,1,1,'2019-11-09 16:12:00','2019-11-09 16:12:00'),(53,59,NULL,4,1,2,6,'2019-11-10 11:08:14','2019-12-07 22:00:19'),(54,60,NULL,3,1,2,6,'2019-11-10 11:09:18','2019-12-07 22:00:29'),(55,61,NULL,5,1,2,6,'2019-11-11 07:34:38','2019-12-07 22:00:18'),(56,62,NULL,NULL,1,1,1,'2019-11-11 08:42:29','2019-11-11 08:42:29'),(57,63,NULL,NULL,1,1,1,'2019-11-11 11:48:50','2019-11-11 11:48:50'),(58,64,NULL,NULL,1,1,1,'2019-11-11 18:11:56','2019-11-11 18:11:56'),(59,65,NULL,NULL,1,1,1,'2019-11-12 12:11:16','2019-11-12 12:11:16'),(60,66,NULL,NULL,1,1,1,'2019-11-12 13:18:58','2019-11-12 13:18:58'),(61,67,NULL,NULL,1,1,1,'2019-11-12 16:19:05','2019-11-12 16:19:05'),(62,68,NULL,NULL,1,1,1,'2019-11-13 10:07:01','2019-11-13 10:07:01'),(63,69,NULL,NULL,1,1,1,'2019-11-14 14:36:43','2019-11-14 14:36:43'),(64,70,NULL,NULL,1,1,1,'2019-11-14 14:40:48','2019-11-14 14:40:48'),(65,71,NULL,NULL,1,1,1,'2019-11-14 15:55:04','2019-11-14 15:55:04'),(66,72,NULL,NULL,1,1,1,'2019-11-15 08:59:56','2019-11-15 08:59:56'),(67,73,NULL,NULL,1,1,1,'2019-11-15 09:56:07','2019-11-15 09:56:07'),(68,74,NULL,NULL,1,1,1,'2019-11-15 15:25:58','2019-11-15 15:25:58'),(69,75,NULL,NULL,1,1,1,'2019-11-15 16:49:39','2019-11-15 16:49:39'),(70,76,NULL,NULL,1,1,1,'2019-11-16 09:48:51','2019-11-16 09:48:51'),(71,77,NULL,NULL,1,1,1,'2019-11-16 09:58:27','2019-11-16 09:58:27'),(72,78,NULL,NULL,1,1,1,'2019-11-16 11:42:49','2019-11-16 11:42:49'),(73,79,NULL,NULL,1,1,1,'2019-11-16 14:09:45','2019-11-16 14:09:45'),(74,80,NULL,NULL,1,1,1,'2019-11-16 14:32:04','2019-11-16 14:32:04'),(75,81,NULL,NULL,1,1,1,'2019-11-16 15:08:07','2019-11-16 15:08:07'),(76,82,NULL,NULL,1,1,1,'2019-11-16 16:52:30','2019-11-16 16:52:30'),(77,83,NULL,2,1,2,6,'2019-11-17 12:36:17','2019-12-07 22:00:28'),(78,84,NULL,NULL,1,1,1,'2019-11-18 08:15:13','2019-11-18 08:15:13'),(79,85,NULL,NULL,1,1,1,'2019-11-18 10:03:35','2019-11-18 10:03:35'),(80,86,NULL,NULL,1,1,1,'2019-11-18 11:31:49','2019-11-18 11:31:49'),(81,87,NULL,NULL,1,1,1,'2019-11-18 11:50:57','2019-11-18 11:50:57'),(82,88,NULL,NULL,1,1,1,'2019-11-18 12:22:54','2019-11-18 12:22:54'),(83,89,NULL,NULL,1,1,1,'2019-11-18 12:47:49','2019-11-18 12:47:49'),(84,90,NULL,NULL,1,1,1,'2019-11-18 15:32:49','2019-11-18 15:32:49'),(85,91,NULL,NULL,1,1,1,'2019-11-18 16:10:10','2019-11-18 16:10:10'),(86,92,NULL,NULL,1,1,1,'2019-11-18 16:21:31','2019-11-18 16:21:31'),(87,93,NULL,NULL,1,1,1,'2019-11-19 17:05:51','2019-11-19 17:05:51'),(88,94,NULL,NULL,1,1,1,'2019-11-20 12:31:58','2019-11-20 12:31:58'),(89,95,NULL,NULL,1,1,1,'2019-11-21 12:06:36','2019-11-21 12:06:36'),(90,96,NULL,NULL,1,1,1,'2019-11-21 14:11:09','2019-11-21 14:11:09'),(91,97,NULL,NULL,1,1,1,'2019-11-21 14:18:58','2019-11-21 14:18:58'),(92,98,NULL,4,1,2,6,'2019-11-21 18:39:40','2019-12-07 22:00:24'),(93,99,NULL,NULL,1,1,1,'2019-11-22 11:28:37','2019-11-22 11:28:37'),(94,100,NULL,NULL,1,1,1,'2019-11-22 15:50:01','2019-11-22 15:50:01'),(95,101,NULL,NULL,1,1,1,'2019-11-23 11:59:14','2019-11-23 11:59:14'),(96,102,NULL,NULL,1,1,1,'2019-11-23 13:11:53','2019-11-23 13:11:53'),(97,103,NULL,NULL,1,1,1,'2019-11-23 13:14:22','2019-11-23 13:14:22'),(98,104,NULL,NULL,1,1,1,'2019-11-23 15:27:58','2019-11-23 15:27:58'),(99,105,NULL,5,1,2,6,'2019-11-24 19:55:24','2020-01-24 09:01:56'),(100,106,NULL,NULL,1,1,1,'2019-11-25 16:40:35','2019-11-25 16:40:35'),(101,107,NULL,NULL,1,1,1,'2019-11-25 17:13:49','2019-11-25 17:13:49'),(102,108,NULL,NULL,1,1,1,'2019-11-26 10:35:34','2019-11-26 10:35:34'),(103,109,NULL,NULL,1,1,1,'2019-11-26 16:10:43','2019-11-26 16:10:43'),(104,110,NULL,NULL,1,1,1,'2019-11-27 08:26:40','2019-11-27 08:26:40'),(105,111,NULL,NULL,1,1,1,'2019-11-27 08:27:44','2019-11-27 08:27:44'),(106,112,NULL,NULL,1,1,1,'2019-11-27 08:38:27','2019-11-27 08:38:27'),(107,113,NULL,NULL,1,1,1,'2019-11-27 11:34:10','2019-11-27 11:34:10'),(108,114,NULL,NULL,1,1,1,'2019-11-27 12:12:16','2019-11-27 12:12:16'),(109,115,NULL,NULL,1,1,1,'2019-11-27 12:19:54','2019-11-27 12:19:54'),(110,116,NULL,NULL,1,1,1,'2019-11-27 12:50:09','2019-11-27 12:50:09'),(111,117,NULL,NULL,1,1,1,'2019-11-27 13:33:27','2019-11-27 13:33:27'),(112,118,NULL,NULL,1,1,1,'2019-11-28 08:16:04','2019-11-28 08:16:04'),(113,119,NULL,NULL,1,1,1,'2019-11-28 11:58:52','2019-11-28 11:58:52'),(114,120,NULL,NULL,1,1,1,'2019-11-28 12:13:37','2019-11-28 12:13:37'),(115,121,NULL,NULL,1,1,1,'2019-11-28 16:39:13','2019-11-28 16:39:13'),(116,122,NULL,NULL,1,1,1,'2019-11-28 16:51:37','2019-11-28 16:51:37'),(117,123,NULL,NULL,1,1,1,'2019-11-29 09:07:58','2019-11-29 09:07:58'),(118,124,NULL,NULL,1,1,1,'2019-11-29 11:20:54','2019-11-29 11:20:54'),(119,125,NULL,NULL,1,1,1,'2019-11-29 11:37:34','2019-11-29 11:37:34'),(120,126,NULL,NULL,1,1,1,'2019-11-29 11:59:34','2019-11-29 11:59:34'),(121,127,NULL,NULL,1,1,1,'2019-11-30 10:02:25','2019-11-30 10:02:25'),(122,128,NULL,NULL,1,1,1,'2019-11-30 12:13:43','2019-11-30 12:13:43'),(123,129,NULL,NULL,1,1,1,'2019-12-02 08:57:54','2019-12-02 08:57:54'),(124,130,NULL,NULL,1,1,1,'2019-12-02 10:34:23','2019-12-02 10:34:23'),(125,131,NULL,NULL,1,1,1,'2019-12-02 10:36:08','2019-12-02 10:36:08'),(126,132,NULL,NULL,1,1,1,'2019-12-02 10:37:46','2019-12-02 10:37:46'),(127,133,NULL,NULL,1,1,1,'2019-12-02 10:39:36','2019-12-02 10:39:36'),(128,134,NULL,NULL,1,1,1,'2019-12-02 11:31:57','2019-12-02 11:31:57'),(129,135,NULL,NULL,1,1,1,'2019-12-02 12:40:17','2019-12-02 12:40:17'),(130,136,NULL,NULL,1,1,1,'2019-12-02 13:57:46','2019-12-02 13:57:46'),(131,137,NULL,NULL,1,1,1,'2019-12-02 14:35:30','2019-12-02 14:35:30'),(132,138,NULL,NULL,1,1,1,'2019-12-02 16:16:58','2019-12-02 16:16:58'),(133,139,NULL,NULL,1,1,1,'2019-12-03 08:07:00','2019-12-03 08:07:00'),(134,140,NULL,NULL,1,1,1,'2019-12-03 09:47:38','2019-12-03 09:47:38'),(135,141,NULL,NULL,1,1,1,'2019-12-03 09:50:42','2019-12-03 09:50:42'),(136,142,NULL,NULL,1,1,1,'2019-12-03 09:55:09','2019-12-03 09:55:09'),(137,143,NULL,NULL,1,1,1,'2019-12-03 09:58:37','2019-12-03 09:58:37'),(138,144,NULL,NULL,1,1,1,'2019-12-03 16:26:09','2019-12-03 16:26:09'),(139,145,NULL,NULL,1,1,1,'2019-12-03 17:13:08','2019-12-03 17:13:08'),(140,146,NULL,NULL,1,1,1,'2019-12-03 17:28:33','2019-12-03 17:28:33'),(141,147,NULL,NULL,1,1,1,'2019-12-04 08:00:38','2019-12-04 08:00:38'),(142,148,NULL,NULL,1,1,1,'2019-12-04 13:21:40','2019-12-04 13:21:40'),(143,149,NULL,NULL,1,1,1,'2019-12-04 14:10:54','2019-12-04 14:10:54'),(144,150,NULL,NULL,1,1,1,'2019-12-05 09:21:28','2019-12-05 09:21:28'),(145,151,NULL,NULL,1,1,1,'2019-12-05 11:14:10','2019-12-05 11:14:10'),(146,152,NULL,NULL,1,1,1,'2019-12-05 13:32:36','2019-12-05 13:32:36'),(147,153,NULL,NULL,1,1,1,'2019-12-05 16:16:41','2019-12-05 16:16:41'),(148,154,NULL,NULL,1,1,1,'2019-12-06 08:05:19','2019-12-06 08:05:19'),(149,155,NULL,NULL,1,1,1,'2019-12-06 13:06:17','2019-12-06 13:06:17'),(150,156,NULL,NULL,1,1,1,'2019-12-07 13:50:52','2019-12-07 13:50:52'),(151,157,NULL,NULL,1,1,1,'2019-12-07 15:53:32','2019-12-07 15:53:32'),(152,158,NULL,NULL,1,1,1,'2019-12-09 08:34:35','2019-12-09 08:34:35'),(153,159,NULL,NULL,1,1,1,'2019-12-09 08:59:54','2019-12-09 08:59:54'),(154,160,NULL,NULL,1,1,1,'2019-12-09 14:46:45','2019-12-09 14:46:45'),(155,161,NULL,NULL,1,1,1,'2019-12-10 15:15:24','2019-12-10 15:15:24'),(156,162,NULL,NULL,1,1,1,'2019-12-10 16:57:40','2019-12-10 16:57:40'),(157,163,NULL,NULL,1,1,1,'2019-12-11 11:11:35','2019-12-11 11:11:35'),(158,164,NULL,NULL,1,1,1,'2019-12-11 13:16:09','2019-12-11 13:16:09'),(159,165,NULL,NULL,1,1,1,'2019-12-11 17:31:57','2019-12-11 17:31:57'),(160,166,NULL,NULL,1,1,1,'2019-12-11 18:35:26','2019-12-11 18:35:26'),(161,167,NULL,NULL,1,1,1,'2019-12-12 13:15:09','2019-12-12 13:15:09'),(162,168,NULL,NULL,1,1,1,'2019-12-12 14:41:39','2019-12-12 14:41:39'),(163,169,NULL,NULL,1,1,1,'2019-12-13 13:47:23','2019-12-13 13:47:23'),(164,170,NULL,NULL,1,1,1,'2019-12-13 17:24:15','2019-12-13 17:24:15'),(165,171,NULL,NULL,1,1,1,'2019-12-14 13:58:54','2019-12-14 13:58:54'),(166,172,NULL,NULL,1,1,1,'2019-12-17 10:08:11','2019-12-17 10:08:11'),(167,173,NULL,NULL,1,1,1,'2019-12-17 10:17:35','2019-12-17 10:17:35'),(168,174,NULL,NULL,1,1,1,'2019-12-17 12:32:52','2019-12-17 12:32:52'),(169,175,NULL,NULL,1,1,1,'2019-12-17 16:27:03','2019-12-17 16:27:03'),(170,176,NULL,NULL,1,1,1,'2019-12-18 10:10:26','2019-12-18 10:10:26'),(171,177,NULL,NULL,1,1,1,'2019-12-19 08:17:08','2019-12-19 08:17:08'),(172,178,NULL,NULL,1,1,1,'2019-12-19 13:54:51','2019-12-19 13:54:51'),(173,179,NULL,NULL,1,1,1,'2019-12-19 14:48:11','2019-12-19 14:48:11'),(174,180,NULL,NULL,1,1,1,'2019-12-20 08:10:28','2019-12-20 08:10:28'),(175,181,NULL,NULL,1,1,1,'2019-12-20 10:17:49','2019-12-20 10:17:49'),(176,182,NULL,NULL,1,1,1,'2019-12-21 12:50:18','2019-12-21 12:50:18'),(177,183,NULL,NULL,1,1,1,'2019-12-23 11:37:40','2019-12-23 11:37:40'),(178,184,NULL,NULL,1,1,1,'2019-12-23 13:04:43','2019-12-23 13:04:43'),(179,185,NULL,NULL,1,1,1,'2019-12-23 17:35:40','2019-12-23 17:35:40'),(180,186,NULL,NULL,1,1,1,'2019-12-27 09:46:19','2019-12-27 09:46:19'),(181,187,NULL,NULL,1,1,1,'2019-12-27 16:28:13','2019-12-27 16:28:13'),(182,188,NULL,NULL,1,1,1,'2019-12-27 16:54:07','2019-12-27 16:54:07'),(183,189,NULL,NULL,1,1,1,'2019-12-28 08:21:20','2019-12-28 08:21:20'),(184,190,NULL,NULL,1,1,1,'2019-12-28 14:26:42','2019-12-28 14:26:42'),(185,191,NULL,NULL,1,1,1,'2019-12-28 14:42:42','2019-12-28 14:42:42'),(186,192,NULL,NULL,1,1,1,'2019-12-28 15:27:27','2019-12-28 15:27:27'),(187,193,NULL,NULL,1,1,1,'2019-12-28 15:29:53','2019-12-28 15:29:53'),(188,194,NULL,NULL,1,1,1,'2019-12-28 15:47:20','2019-12-28 15:47:20'),(189,195,NULL,NULL,1,1,1,'2019-12-30 10:53:37','2019-12-30 10:53:37'),(190,196,NULL,NULL,1,1,1,'2019-12-30 13:56:00','2019-12-30 13:56:00'),(191,197,NULL,NULL,1,1,1,'2019-12-30 15:23:35','2019-12-30 15:23:35'),(192,198,NULL,NULL,1,1,1,'2019-12-30 16:23:22','2019-12-30 16:23:22'),(193,199,NULL,NULL,1,1,1,'2019-12-31 10:37:37','2019-12-31 10:37:37'),(194,200,NULL,NULL,1,1,1,'2020-01-02 11:00:40','2020-01-02 11:00:40'),(195,201,NULL,NULL,1,1,1,'2020-01-02 12:37:46','2020-01-02 12:37:46'),(196,202,NULL,NULL,1,1,1,'2020-01-02 12:39:21','2020-01-02 12:39:21'),(197,203,NULL,NULL,1,1,1,'2020-01-02 13:09:07','2020-01-02 13:09:07'),(198,204,NULL,NULL,1,1,1,'2020-01-02 13:28:41','2020-01-02 13:28:41'),(199,205,NULL,NULL,1,1,1,'2020-01-02 16:25:21','2020-01-02 16:25:21'),(200,206,NULL,NULL,1,1,1,'2020-01-03 08:57:45','2020-01-03 08:57:45'),(201,207,NULL,NULL,1,1,1,'2020-01-03 13:06:24','2020-01-03 13:06:24'),(202,208,NULL,NULL,1,1,1,'2020-01-03 13:24:25','2020-01-03 13:24:25'),(203,209,NULL,NULL,1,1,1,'2020-01-03 13:33:03','2020-01-03 13:33:03'),(204,210,NULL,NULL,1,1,1,'2020-01-04 13:18:40','2020-01-04 13:18:40'),(205,211,NULL,NULL,1,1,1,'2020-01-04 14:53:51','2020-01-04 14:53:51'),(206,212,NULL,NULL,1,1,1,'2020-01-04 14:56:38','2020-01-04 14:56:38'),(207,213,NULL,NULL,1,1,1,'2020-01-07 11:10:33','2020-01-07 11:10:33'),(208,214,NULL,NULL,1,1,1,'2020-01-07 11:12:31','2020-01-07 11:12:31'),(209,215,NULL,NULL,1,1,1,'2020-01-07 17:32:41','2020-01-07 17:32:41'),(210,216,NULL,5,1,2,6,'2020-01-08 08:05:08','2020-01-24 09:01:55'),(211,217,NULL,NULL,1,1,1,'2020-01-08 08:51:56','2020-01-08 08:51:56'),(212,218,NULL,NULL,1,1,1,'2020-01-08 08:53:52','2020-01-08 08:53:52'),(213,219,NULL,NULL,1,1,1,'2020-01-08 09:45:08','2020-01-08 09:45:08'),(214,220,NULL,NULL,1,1,1,'2020-01-08 14:39:54','2020-01-08 14:39:54'),(215,221,NULL,NULL,1,1,1,'2020-01-09 12:29:30','2020-01-09 12:29:30'),(216,222,NULL,NULL,1,1,1,'2020-01-09 13:27:05','2020-01-09 13:27:05'),(217,223,NULL,NULL,1,1,1,'2020-01-09 13:50:29','2020-01-09 13:50:29'),(218,224,NULL,NULL,1,1,1,'2020-01-10 09:37:03','2020-01-10 09:37:03'),(219,225,NULL,NULL,1,1,1,'2020-01-10 11:29:42','2020-01-10 11:29:42'),(220,226,NULL,NULL,1,1,1,'2020-01-10 14:57:18','2020-01-10 14:57:18'),(221,227,NULL,NULL,1,1,1,'2020-01-13 11:08:06','2020-01-13 11:08:06'),(222,228,NULL,NULL,1,1,1,'2020-01-13 11:33:56','2020-01-13 11:33:56'),(223,229,NULL,NULL,1,1,1,'2020-01-13 12:45:10','2020-01-13 12:45:10'),(224,230,NULL,NULL,1,1,1,'2020-01-13 15:49:54','2020-01-13 15:49:54'),(225,231,NULL,NULL,1,1,1,'2020-01-13 16:20:21','2020-01-13 16:20:21'),(226,232,NULL,NULL,1,1,1,'2020-01-14 11:40:54','2020-01-14 11:40:54'),(227,233,NULL,NULL,1,1,1,'2020-01-14 12:01:59','2020-01-14 12:01:59'),(228,234,NULL,NULL,1,1,1,'2020-01-14 17:10:00','2020-01-14 17:10:00'),(229,235,NULL,NULL,1,1,1,'2020-01-14 17:10:54','2020-01-14 17:10:54'),(230,236,NULL,NULL,1,1,1,'2020-01-14 17:12:00','2020-01-14 17:12:00'),(231,237,NULL,NULL,1,1,1,'2020-01-15 12:03:25','2020-01-15 12:03:25'),(232,238,NULL,NULL,1,1,1,'2020-01-15 13:38:33','2020-01-15 13:38:33'),(233,239,NULL,NULL,1,1,1,'2020-01-15 18:00:51','2020-01-15 18:00:51'),(234,240,NULL,NULL,1,1,1,'2020-01-21 08:19:35','2020-01-21 08:19:35'),(235,241,NULL,NULL,1,1,1,'2020-01-21 08:21:38','2020-01-21 08:21:38'),(236,242,NULL,NULL,1,1,1,'2020-01-21 10:55:47','2020-01-21 10:55:47'),(237,243,NULL,NULL,1,1,1,'2020-01-21 11:22:48','2020-01-21 11:22:48'),(238,244,NULL,NULL,1,1,1,'2020-01-21 11:54:19','2020-01-21 11:54:19'),(239,245,NULL,NULL,1,1,1,'2020-01-21 12:49:34','2020-01-21 12:49:34'),(240,246,NULL,NULL,1,1,1,'2020-01-21 13:51:01','2020-01-21 13:51:01'),(241,247,NULL,NULL,1,1,1,'2020-01-21 15:51:57','2020-01-21 15:51:57'),(242,248,NULL,NULL,1,1,1,'2020-01-21 16:40:21','2020-01-21 16:40:21'),(243,249,NULL,NULL,1,1,1,'2020-01-21 18:25:55','2020-01-21 18:25:55'),(244,250,NULL,NULL,1,1,1,'2020-01-24 08:23:20','2020-01-24 08:23:20'),(245,251,NULL,NULL,1,1,1,'2020-01-24 08:24:37','2020-01-24 08:24:37'),(246,252,NULL,NULL,1,1,1,'2020-01-24 08:26:59','2020-01-24 08:26:59'),(247,253,NULL,NULL,1,1,1,'2020-01-24 08:27:56','2020-01-24 08:27:56'),(248,254,NULL,NULL,1,1,1,'2020-01-24 10:46:39','2020-01-24 10:46:39'),(249,255,NULL,NULL,1,1,1,'2020-01-24 10:48:21','2020-01-24 10:48:21'),(250,256,NULL,NULL,1,1,1,'2020-01-25 09:42:50','2020-01-25 09:42:50'),(251,257,NULL,NULL,1,1,1,'2020-01-25 15:52:51','2020-01-25 15:52:51');
/*!40000 ALTER TABLE `customers` ENABLE KEYS */;
UNLOCK TABLES;

--
-- Table structure for table `devices`
--

DROP TABLE IF EXISTS `devices`;
/*!40101 SET @saved_cs_client     = @@character_set_client */;
/*!40101 SET character_set_client = utf8 */;
CREATE TABLE `devices` (
  `id` bigint(20) unsigned NOT NULL AUTO_INCREMENT,
  `name` varchar(191) COLLATE utf8mb4_unicode_ci NOT NULL,
  `created_at` timestamp NULL DEFAULT NULL,
  `updated_at` timestamp NULL DEFAULT NULL,
  PRIMARY KEY (`id`)
) ENGINE=InnoDB DEFAULT CHARSET=utf8mb4 COLLATE=utf8mb4_unicode_ci;
/*!40101 SET character_set_client = @saved_cs_client */;

--
-- Dumping data for table `devices`
--

LOCK TABLES `devices` WRITE;
/*!40000 ALTER TABLE `devices` DISABLE KEYS */;
/*!40000 ALTER TABLE `devices` ENABLE KEYS */;
UNLOCK TABLES;

--
-- Table structure for table `discount_codes`
--

DROP TABLE IF EXISTS `discount_codes`;
/*!40101 SET @saved_cs_client     = @@character_set_client */;
/*!40101 SET character_set_client = utf8 */;
CREATE TABLE `discount_codes` (
  `id` bigint(20) unsigned NOT NULL AUTO_INCREMENT,
  `name` varchar(191) COLLATE utf8mb4_unicode_ci NOT NULL,
  `procent` double(8,2) NOT NULL,
  `active` tinyint(1) NOT NULL,
  `created_at` timestamp NULL DEFAULT NULL,
  `updated_at` timestamp NULL DEFAULT NULL,
  PRIMARY KEY (`id`)
) ENGINE=InnoDB DEFAULT CHARSET=utf8mb4 COLLATE=utf8mb4_unicode_ci;
/*!40101 SET character_set_client = @saved_cs_client */;

--
-- Dumping data for table `discount_codes`
--

LOCK TABLES `discount_codes` WRITE;
/*!40000 ALTER TABLE `discount_codes` DISABLE KEYS */;
/*!40000 ALTER TABLE `discount_codes` ENABLE KEYS */;
UNLOCK TABLES;

--
-- Table structure for table `employees`
--

DROP TABLE IF EXISTS `employees`;
/*!40101 SET @saved_cs_client     = @@character_set_client */;
/*!40101 SET character_set_client = utf8 */;
CREATE TABLE `employees` (
  `id` int(10) unsigned NOT NULL AUTO_INCREMENT,
  `user_id` int(10) unsigned NOT NULL,
  `role_id` int(10) unsigned NOT NULL,
  `created_at` timestamp NULL DEFAULT NULL,
  `updated_at` timestamp NULL DEFAULT NULL,
  PRIMARY KEY (`id`),
  KEY `employees_user_id_foreign` (`user_id`),
  KEY `employees_role_id_foreign` (`role_id`),
  CONSTRAINT `employees_role_id_foreign` FOREIGN KEY (`role_id`) REFERENCES `roles` (`id`),
  CONSTRAINT `employees_user_id_foreign` FOREIGN KEY (`user_id`) REFERENCES `users` (`id`)
) ENGINE=InnoDB AUTO_INCREMENT=7 DEFAULT CHARSET=utf8mb4 COLLATE=utf8mb4_unicode_ci;
/*!40101 SET character_set_client = @saved_cs_client */;

--
-- Dumping data for table `employees`
--

LOCK TABLES `employees` WRITE;
/*!40000 ALTER TABLE `employees` DISABLE KEYS */;
INSERT INTO `employees` VALUES (1,1,1,'2019-10-29 10:57:49','2019-10-29 10:57:49'),(2,2,5,'2019-10-29 11:03:41','2019-10-29 11:03:41'),(3,3,2,'2019-10-29 13:07:20','2019-10-29 13:07:20'),(4,4,2,'2019-10-29 13:08:29','2019-10-29 13:08:53'),(5,5,2,'2019-10-29 14:26:51','2019-10-29 14:26:51'),(6,6,1,'2019-11-06 20:05:32','2019-11-06 20:05:32');
/*!40000 ALTER TABLE `employees` ENABLE KEYS */;
UNLOCK TABLES;

--
-- Table structure for table `expenditure_items`
--

DROP TABLE IF EXISTS `expenditure_items`;
/*!40101 SET @saved_cs_client     = @@character_set_client */;
/*!40101 SET character_set_client = utf8 */;
CREATE TABLE `expenditure_items` (
  `id` bigint(20) unsigned NOT NULL AUTO_INCREMENT,
  `name` varchar(191) COLLATE utf8mb4_unicode_ci NOT NULL,
  `created_at` timestamp NULL DEFAULT NULL,
  `updated_at` timestamp NULL DEFAULT NULL,
  PRIMARY KEY (`id`)
) ENGINE=InnoDB DEFAULT CHARSET=utf8mb4 COLLATE=utf8mb4_unicode_ci;
/*!40101 SET character_set_client = @saved_cs_client */;

--
-- Dumping data for table `expenditure_items`
--

LOCK TABLES `expenditure_items` WRITE;
/*!40000 ALTER TABLE `expenditure_items` DISABLE KEYS */;
/*!40000 ALTER TABLE `expenditure_items` ENABLE KEYS */;
UNLOCK TABLES;

--
-- Table structure for table `from_transactions`
--

DROP TABLE IF EXISTS `from_transactions`;
/*!40101 SET @saved_cs_client     = @@character_set_client */;
/*!40101 SET character_set_client = utf8 */;
CREATE TABLE `from_transactions` (
  `id` bigint(20) unsigned NOT NULL AUTO_INCREMENT,
  `transaction_id` bigint(20) NOT NULL,
  `created_at` timestamp NULL DEFAULT NULL,
  `updated_at` timestamp NULL DEFAULT NULL,
  PRIMARY KEY (`id`)
) ENGINE=InnoDB DEFAULT CHARSET=utf8mb4 COLLATE=utf8mb4_unicode_ci;
/*!40101 SET character_set_client = @saved_cs_client */;

--
-- Dumping data for table `from_transactions`
--

LOCK TABLES `from_transactions` WRITE;
/*!40000 ALTER TABLE `from_transactions` DISABLE KEYS */;
/*!40000 ALTER TABLE `from_transactions` ENABLE KEYS */;
UNLOCK TABLES;

--
-- Table structure for table `goods`
--

DROP TABLE IF EXISTS `goods`;
/*!40101 SET @saved_cs_client     = @@character_set_client */;
/*!40101 SET character_set_client = utf8 */;
CREATE TABLE `goods` (
  `id` int(10) unsigned NOT NULL AUTO_INCREMENT,
  `branch_id` int(10) unsigned NOT NULL,
  `brand_id` int(10) unsigned NOT NULL,
  `model_id` int(10) unsigned NOT NULL,
  `submodel_id` int(10) unsigned NOT NULL,
  `part_id` int(10) unsigned NOT NULL,
  `color_id` int(10) unsigned NOT NULL,
  `amount` int(11) NOT NULL,
  `price` double(8,2) NOT NULL,
  `created_at` timestamp NULL DEFAULT NULL,
  `updated_at` timestamp NULL DEFAULT NULL,
  PRIMARY KEY (`id`),
  KEY `goods_branch_id_foreign` (`branch_id`),
  KEY `goods_brand_id_foreign` (`brand_id`),
  KEY `goods_model_id_foreign` (`model_id`),
  KEY `goods_submodel_id_foreign` (`submodel_id`),
  KEY `goods_part_id_foreign` (`part_id`),
  KEY `goods_color_id_foreign` (`color_id`),
  CONSTRAINT `goods_branch_id_foreign` FOREIGN KEY (`branch_id`) REFERENCES `branches` (`id`),
  CONSTRAINT `goods_brand_id_foreign` FOREIGN KEY (`brand_id`) REFERENCES `brands` (`id`),
  CONSTRAINT `goods_color_id_foreign` FOREIGN KEY (`color_id`) REFERENCES `colors` (`id`),
  CONSTRAINT `goods_model_id_foreign` FOREIGN KEY (`model_id`) REFERENCES `models` (`id`),
  CONSTRAINT `goods_part_id_foreign` FOREIGN KEY (`part_id`) REFERENCES `parts` (`id`),
  CONSTRAINT `goods_submodel_id_foreign` FOREIGN KEY (`submodel_id`) REFERENCES `submodels` (`id`)
) ENGINE=InnoDB AUTO_INCREMENT=132 DEFAULT CHARSET=utf8mb4 COLLATE=utf8mb4_unicode_ci;
/*!40101 SET character_set_client = @saved_cs_client */;

--
-- Dumping data for table `goods`
--

LOCK TABLES `goods` WRITE;
/*!40000 ALTER TABLE `goods` DISABLE KEYS */;
INSERT INTO `goods` VALUES (1,3,1,1,5,1,2,3,0.00,'2019-10-29 13:51:35','2019-10-29 13:51:35'),(2,3,1,1,5,1,3,3,0.00,'2019-10-29 13:52:03','2019-10-29 13:52:03'),(3,3,1,1,3,1,3,4,0.00,'2019-10-29 13:52:39','2019-10-29 14:18:38'),(4,3,1,1,3,1,2,4,0.00,'2019-10-29 13:53:03','2019-10-29 13:53:03'),(6,3,1,1,272,1,2,1,0.00,'2019-10-29 13:54:20','2019-10-29 13:54:20'),(7,3,1,1,272,1,3,2,0.00,'2019-10-29 13:54:49','2019-10-29 13:54:49'),(8,3,1,1,273,1,2,1,0.00,'2019-10-29 13:55:56','2019-10-29 13:55:56'),(9,3,1,1,273,1,3,2,0.00,'2019-10-29 13:56:22','2019-10-29 13:56:22'),(10,3,1,1,7,1,3,2,0.00,'2019-10-29 13:57:22','2019-10-29 13:57:22'),(11,3,1,1,7,1,2,3,0.00,'2019-10-29 13:57:59','2019-10-29 13:57:59'),(12,3,1,1,274,1,3,1,0.00,'2019-10-29 13:59:00','2019-10-29 13:59:00'),(13,1,1,1,1,1,2,4,0.00,'2019-10-29 16:50:08','2019-10-29 16:50:08'),(14,1,1,1,1,1,3,4,0.00,'2019-10-29 16:50:37','2020-01-17 22:04:36'),(15,1,1,1,2,1,2,2,0.00,'2019-10-29 16:50:57','2019-10-29 16:50:57'),(16,1,1,1,2,1,3,3,0.00,'2019-10-29 16:51:15','2019-10-29 16:51:15'),(17,1,1,1,3,1,2,4,0.00,'2019-10-29 16:51:34','2019-10-31 14:15:32'),(18,1,1,1,3,1,3,5,0.00,'2019-10-29 16:51:52','2019-10-29 16:51:52'),(19,1,1,1,5,1,2,1,0.00,'2019-10-29 16:52:39','2019-10-31 14:16:00'),(20,1,1,1,5,1,3,7,0.00,'2019-10-29 16:53:02','2019-10-29 16:53:02'),(21,1,1,1,4,1,2,3,0.00,'2019-10-29 16:53:22','2019-10-29 16:53:22'),(22,1,1,1,4,1,3,6,0.00,'2019-10-29 16:53:39','2019-10-29 16:53:39'),(23,1,1,1,6,1,2,5,0.00,'2019-10-29 16:53:59','2019-10-29 16:53:59'),(24,1,1,1,6,1,3,10,0.00,'2019-10-29 16:54:17','2019-10-29 16:54:19'),(25,1,1,1,7,1,2,6,0.00,'2019-10-29 16:54:44','2019-10-29 16:54:44'),(26,1,1,1,7,1,3,6,0.00,'2019-10-29 16:55:16','2019-10-29 16:55:16'),(27,1,1,1,8,1,2,4,0.00,'2019-10-29 16:55:34','2019-10-29 16:55:34'),(28,1,1,1,8,1,3,3,0.00,'2019-10-29 16:55:51','2019-10-29 16:55:51'),(29,1,1,1,9,1,2,6,0.00,'2019-10-29 16:56:14','2019-10-29 16:56:14'),(30,1,1,1,9,1,3,7,0.00,'2019-10-29 16:56:33','2019-10-29 16:56:33'),(31,1,1,1,10,1,2,4,0.00,'2019-10-29 16:56:55','2019-10-29 16:56:55'),(32,1,1,1,10,1,3,3,0.00,'2019-10-29 16:57:11','2019-10-29 16:57:11'),(33,1,1,1,11,1,2,3,0.00,'2019-10-29 16:57:34','2019-11-11 14:30:01'),(34,1,1,1,272,1,2,2,0.00,'2019-10-29 16:58:33','2019-10-29 16:58:33'),(35,1,1,1,272,1,3,5,0.00,'2019-10-29 16:58:58','2019-10-29 16:58:58'),(36,1,1,1,275,1,2,2,0.00,'2019-10-29 17:00:47','2019-10-29 17:00:47'),(37,1,1,1,275,1,3,3,0.00,'2019-10-29 17:01:14','2019-10-29 17:01:14'),(38,1,1,1,273,1,2,2,0.00,'2019-10-29 17:02:39','2019-10-29 17:02:39'),(39,1,1,1,273,1,3,3,0.00,'2019-10-29 17:03:11','2019-10-29 17:03:11'),(40,1,1,1,274,1,2,2,0.00,'2019-10-29 17:03:40','2019-10-29 17:03:40'),(41,1,1,1,274,1,3,2,0.00,'2019-10-29 17:04:01','2019-10-29 17:04:01'),(42,1,1,1,13,1,2,1,0.00,'2019-10-29 17:05:58','2019-10-29 17:05:58'),(43,1,1,1,276,1,2,1,0.00,'2019-10-29 17:06:36','2019-10-29 17:06:36'),(44,1,1,1,277,2,2,3,0.00,'2019-10-29 17:08:27','2019-10-29 17:08:27'),(45,1,1,1,1,2,2,5,0.00,'2019-10-29 17:09:49','2019-10-29 17:09:49'),(46,1,1,1,2,2,2,7,0.00,'2019-10-29 17:10:21','2019-10-29 17:10:21'),(47,1,1,1,3,2,2,8,0.00,'2019-10-29 17:11:05','2019-10-29 17:11:05'),(48,1,1,1,5,2,2,5,0.00,'2019-10-29 17:20:37','2019-10-29 17:20:37'),(49,1,1,1,4,2,2,6,0.00,'2019-10-29 17:21:01','2019-10-29 17:21:01'),(50,1,1,1,6,2,2,5,0.00,'2019-10-29 17:21:21','2019-10-29 17:21:21'),(51,1,1,1,7,2,2,6,0.00,'2019-10-29 17:21:42','2019-10-29 17:21:42'),(52,1,1,1,8,2,2,3,0.00,'2019-10-29 17:22:08','2019-10-29 17:22:08'),(53,1,1,1,9,2,2,3,0.00,'2019-10-29 17:22:27','2019-10-29 17:22:27'),(54,1,1,1,10,2,2,3,0.00,'2019-10-29 17:22:45','2019-10-29 17:22:45'),(55,1,1,1,11,2,2,1,0.00,'2019-10-29 17:23:03','2019-10-29 17:23:03'),(56,1,1,1,13,2,2,1,0.00,'2019-10-29 17:23:19','2019-10-29 17:23:19'),(61,4,1,1,1,1,2,2,0.00,'2019-11-08 08:08:45','2019-11-08 08:08:45'),(62,4,1,1,1,1,3,6,0.00,'2019-11-08 08:09:05','2019-11-08 08:09:05'),(63,2,1,1,278,8,2,8,0.00,'2019-11-08 08:17:57','2019-11-08 08:17:57'),(65,4,1,1,2,1,2,5,0.00,'2019-11-08 08:20:50','2019-11-08 08:20:50'),(67,2,1,1,279,8,2,15,0.00,'2019-11-08 08:22:14','2019-11-08 08:39:52'),(68,2,1,1,280,8,2,4,0.00,'2019-11-08 08:22:53','2019-11-08 08:22:53'),(69,2,1,1,282,8,2,6,0.00,'2019-11-08 08:26:23','2019-11-08 08:26:23'),(70,4,1,1,2,1,3,12,0.00,'2019-11-08 08:26:27','2019-11-08 08:26:27'),(71,4,1,1,3,1,2,4,0.00,'2019-11-08 08:26:54','2019-11-08 08:26:54'),(72,2,1,1,282,8,3,6,0.00,'2019-11-08 08:26:54','2019-11-08 08:26:54'),(73,4,1,1,3,1,3,8,0.00,'2019-11-08 08:27:22','2019-11-08 08:27:22'),(74,4,1,1,4,1,2,3,0.00,'2019-11-08 08:27:49','2019-11-08 16:36:36'),(75,2,1,1,283,8,2,7,0.00,'2019-11-08 08:27:55','2019-11-08 08:27:55'),(76,4,1,1,4,1,3,11,0.00,'2019-11-08 08:28:08','2019-11-08 08:28:08'),(77,4,1,1,5,1,2,3,0.00,'2019-11-08 08:28:25','2019-11-08 08:28:25'),(78,2,1,1,283,8,3,20,0.00,'2019-11-08 08:28:33','2019-11-08 08:28:33'),(79,2,1,1,284,8,2,0,0.00,'2019-11-08 08:30:01','2019-11-08 08:30:01'),(80,4,1,1,5,1,3,7,0.00,'2019-11-08 08:30:20','2019-11-08 08:30:20'),(81,2,1,1,284,8,3,6,0.00,'2019-11-08 08:30:27','2019-11-08 08:30:27'),(82,4,1,1,6,1,2,5,0.00,'2019-11-08 08:30:54','2019-11-08 08:30:54'),(83,4,1,1,6,1,3,8,0.00,'2019-11-08 08:31:10','2019-11-08 08:31:10'),(84,2,1,1,285,8,2,6,0.00,'2019-11-08 08:31:27','2019-11-08 08:31:27'),(87,4,1,1,7,1,2,3,0.00,'2019-11-08 08:33:28','2019-11-08 08:33:28'),(88,4,1,1,7,1,3,6,0.00,'2019-11-08 08:33:45','2019-11-08 08:33:45'),(89,4,1,1,8,1,2,6,0.00,'2019-11-08 08:35:24','2019-11-08 08:35:24'),(90,4,1,1,8,1,3,9,0.00,'2019-11-08 08:35:39','2019-11-08 08:35:39'),(91,4,1,1,9,1,2,5,0.00,'2019-11-08 08:36:09','2019-11-08 08:36:09'),(92,2,2,5,287,8,2,7,0.00,'2019-11-08 08:36:48','2019-11-08 08:36:48'),(93,4,1,1,9,1,3,4,0.00,'2019-11-08 08:39:49','2019-11-08 08:39:49'),(94,4,1,1,10,1,2,3,0.00,'2019-11-08 08:40:10','2019-11-08 08:40:10'),(95,4,1,1,10,1,3,2,0.00,'2019-11-08 08:40:24','2019-11-08 08:40:24'),(96,4,1,1,11,1,2,2,0.00,'2019-11-08 08:41:54','2019-11-11 14:30:41'),(97,4,1,1,13,1,2,1,0.00,'2019-11-08 08:42:22','2019-11-08 08:42:22'),(98,4,1,1,12,1,2,0,0.00,'2019-11-08 08:42:37','2019-11-11 14:38:58'),(99,4,1,1,272,1,2,3,0.00,'2019-11-08 08:43:22','2019-11-08 08:43:22'),(100,4,1,1,272,1,3,2,0.00,'2019-11-08 08:43:39','2019-11-08 08:43:39'),(101,4,1,1,275,1,2,4,0.00,'2019-11-08 08:43:57','2019-11-08 08:43:57'),(102,4,1,1,275,1,3,6,0.00,'2019-11-08 08:44:28','2019-11-08 08:44:28'),(103,4,1,1,273,1,2,3,0.00,'2019-11-08 08:44:53','2019-11-08 08:44:53'),(104,4,1,1,273,1,3,5,0.00,'2019-11-08 08:45:07','2019-11-08 08:45:07'),(105,4,1,1,274,1,2,3,0.00,'2019-11-08 08:45:24','2019-11-08 08:45:24'),(106,4,1,1,274,1,3,2,0.00,'2019-11-08 08:45:42','2019-11-08 08:45:42'),(107,4,1,1,276,1,2,1,0.00,'2019-11-08 08:47:49','2019-11-08 08:47:49'),(108,4,1,1,289,1,2,3,0.00,'2019-11-08 08:48:31','2019-11-08 08:48:31'),(109,4,1,1,277,1,2,10,0.00,'2019-11-08 08:49:01','2019-11-08 08:49:01'),(110,4,1,1,277,1,3,9,0.00,'2019-11-08 08:49:16','2019-11-08 08:49:16'),(111,4,1,1,277,2,1,7,0.00,'2019-11-08 08:52:36','2019-11-08 08:52:36'),(112,4,1,1,1,2,1,9,0.00,'2019-11-08 08:52:55','2019-11-08 08:52:55'),(113,4,1,1,289,2,1,1,0.00,'2019-11-08 08:53:15','2019-11-08 08:53:15'),(114,4,1,1,2,2,1,5,0.00,'2019-11-08 08:53:40','2019-11-08 08:53:40'),(115,4,1,1,290,2,1,4,0.00,'2019-11-08 08:54:06','2019-11-08 08:54:06'),(116,4,1,1,3,2,1,10,0.00,'2019-11-08 08:54:29','2019-11-08 16:37:01'),(117,4,1,1,5,2,1,5,0.00,'2019-11-08 08:54:49','2019-11-08 08:54:49'),(118,4,1,1,4,2,1,7,0.00,'2019-11-08 08:55:06','2019-11-08 08:55:06'),(119,4,1,1,6,2,1,4,0.00,'2019-11-08 08:55:28','2019-11-08 08:55:28'),(120,4,1,1,7,2,1,2,0.00,'2019-11-08 08:56:15','2019-11-08 08:56:15'),(121,4,1,1,8,2,1,3,0.00,'2019-11-08 08:56:31','2019-11-08 08:56:31'),(122,4,1,1,9,2,1,3,0.00,'2019-11-08 08:56:47','2019-11-08 08:56:47'),(123,4,1,1,10,2,1,2,0.00,'2019-11-08 08:57:04','2019-11-08 08:57:04'),(124,4,1,1,11,2,1,1,0.00,'2019-11-08 08:57:17','2019-11-08 08:57:17'),(126,5,1,1,15,1,1,10,0.00,'2019-11-10 11:02:38','2019-11-10 11:02:38'),(127,4,1,1,288,1,2,2,0.00,'2019-11-11 14:30:56','2019-11-11 14:30:56'),(128,5,1,1,11,1,2,19,0.00,'2019-11-24 19:56:44','2019-11-24 19:56:54'),(129,5,9,19,245,3,8,1,0.00,'2019-11-25 16:03:57','2019-11-25 16:03:57'),(130,5,1,1,9,1,2,5,0.00,'2019-11-25 16:27:29','2019-11-25 16:27:29'),(131,5,1,1,6,1,2,7,0.00,'2019-11-25 16:47:38','2019-11-25 16:47:38');
/*!40000 ALTER TABLE `goods` ENABLE KEYS */;
UNLOCK TABLES;

--
-- Table structure for table `goods_categories`
--

DROP TABLE IF EXISTS `goods_categories`;
/*!40101 SET @saved_cs_client     = @@character_set_client */;
/*!40101 SET character_set_client = utf8 */;
CREATE TABLE `goods_categories` (
  `id` int(10) unsigned NOT NULL AUTO_INCREMENT,
  `header_name` varchar(191) COLLATE utf8mb4_unicode_ci NOT NULL,
  `name` varchar(191) COLLATE utf8mb4_unicode_ci NOT NULL,
  `created_at` timestamp NULL DEFAULT NULL,
  `updated_at` timestamp NULL DEFAULT NULL,
  PRIMARY KEY (`id`)
) ENGINE=InnoDB DEFAULT CHARSET=utf8mb4 COLLATE=utf8mb4_unicode_ci;
/*!40101 SET character_set_client = @saved_cs_client */;

--
-- Dumping data for table `goods_categories`
--

LOCK TABLES `goods_categories` WRITE;
/*!40000 ALTER TABLE `goods_categories` DISABLE KEYS */;
/*!40000 ALTER TABLE `goods_categories` ENABLE KEYS */;
UNLOCK TABLES;

--
-- Table structure for table `items`
--

DROP TABLE IF EXISTS `items`;
/*!40101 SET @saved_cs_client     = @@character_set_client */;
/*!40101 SET character_set_client = utf8 */;
CREATE TABLE `items` (
  `id` bigint(20) unsigned NOT NULL AUTO_INCREMENT,
  `artikelbeschreibung` varchar(191) COLLATE utf8mb4_unicode_ci NOT NULL,
  `menge` int(11) NOT NULL,
  `preis` double NOT NULL,
  `kostenvoranschlag_id` bigint(20) unsigned DEFAULT NULL,
  `created_at` timestamp NULL DEFAULT NULL,
  `updated_at` timestamp NULL DEFAULT NULL,
  PRIMARY KEY (`id`),
  KEY `items_kostenvoranschlag_id_foreign` (`kostenvoranschlag_id`),
  CONSTRAINT `items_kostenvoranschlag_id_foreign` FOREIGN KEY (`kostenvoranschlag_id`) REFERENCES `kostenvoranschlags` (`id`)
) ENGINE=InnoDB DEFAULT CHARSET=utf8mb4 COLLATE=utf8mb4_unicode_ci;
/*!40101 SET character_set_client = @saved_cs_client */;

--
-- Dumping data for table `items`
--

LOCK TABLES `items` WRITE;
/*!40000 ALTER TABLE `items` DISABLE KEYS */;
/*!40000 ALTER TABLE `items` ENABLE KEYS */;
UNLOCK TABLES;

--
-- Table structure for table `kaufvertrags`
--

DROP TABLE IF EXISTS `kaufvertrags`;
/*!40101 SET @saved_cs_client     = @@character_set_client */;
/*!40101 SET character_set_client = utf8 */;
CREATE TABLE `kaufvertrags` (
  `id` bigint(20) unsigned NOT NULL AUTO_INCREMENT,
  `name` varchar(191) COLLATE utf8mb4_unicode_ci DEFAULT NULL,
  `telefon` varchar(191) COLLATE utf8mb4_unicode_ci DEFAULT NULL,
  `adresse` varchar(191) COLLATE utf8mb4_unicode_ci DEFAULT NULL,
  `ort_plz` varchar(191) COLLATE utf8mb4_unicode_ci DEFAULT NULL,
  `mobil` tinyint(4) NOT NULL DEFAULT '0',
  `tablet` tinyint(4) NOT NULL DEFAULT '0',
  `modell` varchar(191) COLLATE utf8mb4_unicode_ci DEFAULT NULL,
  `imei` varchar(191) COLLATE utf8mb4_unicode_ci DEFAULT NULL,
  `text_body` varchar(2000) COLLATE utf8mb4_unicode_ci DEFAULT NULL,
  `ort_datum` varchar(191) COLLATE utf8mb4_unicode_ci DEFAULT NULL,
  `created_at` timestamp NULL DEFAULT NULL,
  `updated_at` timestamp NULL DEFAULT NULL,
  PRIMARY KEY (`id`)
) ENGINE=InnoDB DEFAULT CHARSET=utf8mb4 COLLATE=utf8mb4_unicode_ci;
/*!40101 SET character_set_client = @saved_cs_client */;

--
-- Dumping data for table `kaufvertrags`
--

LOCK TABLES `kaufvertrags` WRITE;
/*!40000 ALTER TABLE `kaufvertrags` DISABLE KEYS */;
/*!40000 ALTER TABLE `kaufvertrags` ENABLE KEYS */;
UNLOCK TABLES;

--
-- Table structure for table `kostenvoranschlags`
--

DROP TABLE IF EXISTS `kostenvoranschlags`;
/*!40101 SET @saved_cs_client     = @@character_set_client */;
/*!40101 SET character_set_client = utf8 */;
CREATE TABLE `kostenvoranschlags` (
  `id` bigint(20) unsigned NOT NULL AUTO_INCREMENT,
  `kost29` tinyint(4) NOT NULL DEFAULT '0',
  `date` varchar(191) COLLATE utf8mb4_unicode_ci DEFAULT NULL,
  `shop` varchar(191) COLLATE utf8mb4_unicode_ci DEFAULT NULL,
  `shop_tel` varchar(191) COLLATE utf8mb4_unicode_ci DEFAULT NULL,
  `shop_email` varchar(191) COLLATE utf8mb4_unicode_ci DEFAULT NULL,
  `web` varchar(191) COLLATE utf8mb4_unicode_ci DEFAULT NULL,
  `kundenbetreuer` varchar(191) COLLATE utf8mb4_unicode_ci DEFAULT NULL,
  `zahlungsmodalitat` varchar(191) COLLATE utf8mb4_unicode_ci DEFAULT NULL,
  `kunde` varchar(191) COLLATE utf8mb4_unicode_ci DEFAULT NULL,
  `kunde_tel` varchar(191) COLLATE utf8mb4_unicode_ci DEFAULT NULL,
  `kunde_email` varchar(191) COLLATE utf8mb4_unicode_ci DEFAULT NULL,
  `text_head` varchar(191) COLLATE utf8mb4_unicode_ci DEFAULT NULL,
  `text_body` varchar(191) COLLATE utf8mb4_unicode_ci DEFAULT NULL,
  `created_at` timestamp NULL DEFAULT NULL,
  `updated_at` timestamp NULL DEFAULT NULL,
  PRIMARY KEY (`id`)
) ENGINE=InnoDB DEFAULT CHARSET=utf8mb4 COLLATE=utf8mb4_unicode_ci;
/*!40101 SET character_set_client = @saved_cs_client */;

--
-- Dumping data for table `kostenvoranschlags`
--

LOCK TABLES `kostenvoranschlags` WRITE;
/*!40000 ALTER TABLE `kostenvoranschlags` DISABLE KEYS */;
/*!40000 ALTER TABLE `kostenvoranschlags` ENABLE KEYS */;
UNLOCK TABLES;

--
-- Table structure for table `locations`
--

DROP TABLE IF EXISTS `locations`;
/*!40101 SET @saved_cs_client     = @@character_set_client */;
/*!40101 SET character_set_client = utf8 */;
CREATE TABLE `locations` (
  `id` bigint(20) unsigned NOT NULL AUTO_INCREMENT,
  `name` varchar(191) COLLATE utf8mb4_unicode_ci NOT NULL,
  `warehouse_id` bigint(20) NOT NULL,
  `created_at` timestamp NULL DEFAULT NULL,
  `updated_at` timestamp NULL DEFAULT NULL,
  PRIMARY KEY (`id`)
) ENGINE=InnoDB DEFAULT CHARSET=utf8mb4 COLLATE=utf8mb4_unicode_ci;
/*!40101 SET character_set_client = @saved_cs_client */;

--
-- Dumping data for table `locations`
--

LOCK TABLES `locations` WRITE;
/*!40000 ALTER TABLE `locations` DISABLE KEYS */;
/*!40000 ALTER TABLE `locations` ENABLE KEYS */;
UNLOCK TABLES;

--
-- Table structure for table `logins`
--

DROP TABLE IF EXISTS `logins`;
/*!40101 SET @saved_cs_client     = @@character_set_client */;
/*!40101 SET character_set_client = utf8 */;
CREATE TABLE `logins` (
  `id` int(10) unsigned NOT NULL AUTO_INCREMENT,
  `username` varchar(191) COLLATE utf8mb4_unicode_ci NOT NULL,
  `password` varchar(191) COLLATE utf8mb4_unicode_ci NOT NULL,
  `is_active` tinyint(1) DEFAULT '1',
  `remember_token` varchar(100) COLLATE utf8mb4_unicode_ci DEFAULT NULL,
  `email` varchar(191) COLLATE utf8mb4_unicode_ci NOT NULL,
  `email_verified_at` date DEFAULT NULL,
  PRIMARY KEY (`id`),
  UNIQUE KEY `logins_username_unique` (`username`),
  UNIQUE KEY `logins_email_unique` (`email`)
) ENGINE=InnoDB AUTO_INCREMENT=7 DEFAULT CHARSET=utf8mb4 COLLATE=utf8mb4_unicode_ci;
/*!40101 SET character_set_client = @saved_cs_client */;

--
-- Dumping data for table `logins`
--

LOCK TABLES `logins` WRITE;
/*!40000 ALTER TABLE `logins` DISABLE KEYS */;
INSERT INTO `logins` VALUES (1,'me@phonefactory.at','$2y$10$.WQ9nMrzD.sj20xQZgjDAOIVzQcR9Ao/PzDXVQh0i4upx4h8ecds6',1,NULL,'me@phonefactory.at','2019-10-29'),(2,'support@relist.at','$2y$10$rkmPsLluuxXS5VWcbY7u3.PoD3RNJDErUZNGFQoWiDdtg8wwC1q3m',1,NULL,'support@relist.at',NULL),(3,'Dennis','$2y$10$E07Z6yjj5kawmVjiDQYHkOgfiPdllQnC5jQxRwpHNsA2tdVy3LFlW',1,NULL,'office@phonefactory.at',NULL),(4,'shayan@phonefactory.at','$2y$10$vnGRz1lbMfq6JpdEQxVSluOUwiXyRHWyyr/0OPO5f72/GFEukPop2',1,NULL,'huma@phonefactory.at',NULL),(5,'neubau@phonefactory.at','$2y$10$PC06YitMNEfrVQW8AQ9lheLSIcLdhkJAbc3oO38mUqGCKuKFJRlii',1,NULL,'neubau@phonefactory.at',NULL),(6,'newcompany.at','$2y$10$fWO8hiGAeVspGN6ECR09COlMk7YSfkIpi9mFUl080knkn.FdB73Li',1,NULL,'new@newcompany.at','2019-11-06');
/*!40000 ALTER TABLE `logins` ENABLE KEYS */;
UNLOCK TABLES;

--
-- Table structure for table `migrations`
--

DROP TABLE IF EXISTS `migrations`;
/*!40101 SET @saved_cs_client     = @@character_set_client */;
/*!40101 SET character_set_client = utf8 */;
CREATE TABLE `migrations` (
  `id` int(10) unsigned NOT NULL AUTO_INCREMENT,
  `migration` varchar(191) COLLATE utf8mb4_unicode_ci NOT NULL,
  `batch` int(11) NOT NULL,
  PRIMARY KEY (`id`)
) ENGINE=InnoDB AUTO_INCREMENT=58 DEFAULT CHARSET=utf8mb4 COLLATE=utf8mb4_unicode_ci;
/*!40101 SET character_set_client = @saved_cs_client */;

--
-- Dumping data for table `migrations`
--

LOCK TABLES `migrations` WRITE;
/*!40000 ALTER TABLE `migrations` DISABLE KEYS */;
INSERT INTO `migrations` VALUES (1,'2016_06_01_000001_create_oauth_auth_codes_table',1),(2,'2016_06_01_000002_create_oauth_access_tokens_table',1),(3,'2016_06_01_000003_create_oauth_refresh_tokens_table',1),(4,'2016_06_01_000004_create_oauth_clients_table',1),(5,'2016_06_01_000005_create_oauth_personal_access_clients_table',1),(6,'2019_03_13_120937_create_currencies_table',1),(7,'2019_03_14_195207_create_logins_table',1),(8,'2019_03_23_113619_create_password_resets_table',1),(9,'2019_04_05_212220_create_people_table',1),(10,'2019_04_10_221652_create_kostenvoranschlags_table',1),(11,'2019_04_11_163205_create_kaufvertrags_table',1),(12,'2019_04_12_123618_create_rechnung_hand_difs_table',1),(13,'2019_04_12_135709_create_rechnung_items_table',1),(14,'2019_04_14_100016_create_companies_table',1),(15,'2019_04_14_100028_create_branches_table',1),(16,'2019_05_09_222450_create_items_table',1),(17,'2019_05_14_195438_create_users_table',1),(18,'2019_05_23_181316_create_user_has_branches_table',1),(19,'2019_07_11_101454_create_payment_types_table',1),(20,'2019_07_11_144103_create_customer_types_table',1),(21,'2019_07_11_144204_create_customers_table',1),(22,'2019_07_11_181522_create_customer_has_branches_table',1),(23,'2019_07_11_183418_create_order_statuses_table',1),(24,'2019_07_12_183706_create_devices_table',1),(25,'2019_07_12_183722_create_repair_order_has_services_table',1),(26,'2019_07_12_183740_create_repair_order_has_goods_table',1),(27,'2019_07_12_183755_create_repair_order_has_warranties_table',1),(28,'2019_07_12_183815_create_warranties_table',1),(29,'2019_07_12_183834_create_sell_order_has_goods_table',1),(30,'2019_07_12_183841_create_sell_order_has_services_table',1),(31,'2019_07_12_183918_create_discount_codes_table',1),(32,'2019_07_12_183945_create_orders_table',1),(33,'2019_07_12_183954_create_repair_orders_table',1),(34,'2019_07_12_184000_create_sales_orders_table',1),(35,'2019_07_12_192828_create_repair_order_types_table',1),(36,'2019_07_12_225105_create_goods_categories_table',1),(37,'2019_07_12_225133_create_services_categories_table',1),(38,'2019_07_12_225308_create_services_table',1),(39,'2019_07_12_225430_create_warehouses_table',1),(40,'2019_07_12_225445_create_locations_table',1),(41,'2019_07_12_225509_create_brands_table',1),(42,'2019_07_12_225528_create_models_table',1),(43,'2019_07_12_225611_create_cashboxes_table',1),(44,'2019_07_12_225633_create_expenditure_items_table',1),(45,'2019_07_12_225649_create_transactions_table',1),(46,'2019_07_12_225828_create_to_transactions_table',1),(47,'2019_07_12_225836_create_from_transactions_table',1),(48,'2019_07_12_225856_create_transaction_statuses_table',1),(49,'2019_07_12_225928_create_suppliers_table',1),(50,'2019_07_12_225939_create_supplier_orders_table',1),(51,'2019_07_12_232333_create_warehouse_items_table',1),(52,'2019_08_23_104634_create_roles_table',1),(53,'2019_08_23_105634_create_employees_table',1),(54,'2019_10_19_060827_create_submodels_table',1),(55,'2019_10_19_060836_create_parts_table',1),(56,'2019_10_19_061046_create_colors_table',1),(57,'2019_10_20_061047_create_goods_table',1);
/*!40000 ALTER TABLE `migrations` ENABLE KEYS */;
UNLOCK TABLES;

--
-- Table structure for table `models`
--

DROP TABLE IF EXISTS `models`;
/*!40101 SET @saved_cs_client     = @@character_set_client */;
/*!40101 SET character_set_client = utf8 */;
CREATE TABLE `models` (
  `id` int(10) unsigned NOT NULL AUTO_INCREMENT,
  `brand_id` int(10) unsigned NOT NULL,
  `name` varchar(191) COLLATE utf8mb4_unicode_ci NOT NULL,
  `logo` varchar(191) COLLATE utf8mb4_unicode_ci NOT NULL,
  `created_at` timestamp NULL DEFAULT NULL,
  `updated_at` timestamp NULL DEFAULT NULL,
  PRIMARY KEY (`id`),
  KEY `models_brand_id_foreign` (`brand_id`),
  CONSTRAINT `models_brand_id_foreign` FOREIGN KEY (`brand_id`) REFERENCES `brands` (`id`)
) ENGINE=InnoDB AUTO_INCREMENT=21 DEFAULT CHARSET=utf8mb4 COLLATE=utf8mb4_unicode_ci;
/*!40101 SET character_set_client = @saved_cs_client */;

--
-- Dumping data for table `models`
--

LOCK TABLES `models` WRITE;
/*!40000 ALTER TABLE `models` DISABLE KEYS */;
INSERT INTO `models` VALUES (1,1,'iPhone','https://image.flaticon.com/icons/svg/114/114702.svg','2019-10-29 10:57:49','2019-10-29 10:57:49'),(2,1,'iPad','https://image.flaticon.com/icons/svg/114/114703.svg','2019-10-29 10:57:49','2019-10-29 10:57:49'),(3,1,'Apple Watch','https://image.flaticon.com/icons/svg/916/916337.svg','2019-10-29 10:57:49','2019-10-29 10:57:49'),(4,1,'MacBook','https://image.flaticon.com/icons/svg/65/65732.svg','2019-10-29 10:57:49','2019-10-29 10:57:49'),(5,2,'Smartphones','https://image.flaticon.com/icons/svg/114/114702.svg','2019-10-29 10:57:49','2019-10-29 10:57:49'),(6,2,'Tablets','https://image.flaticon.com/icons/svg/114/114703.svg','2019-10-29 10:57:49','2019-10-29 10:57:49'),(7,2,'Watches','https://image.flaticon.com/icons/svg/916/916337.svg','2019-10-29 10:57:49','2019-10-29 10:57:49'),(8,2,'Laptops','https://image.flaticon.com/icons/svg/65/65732.svg','2019-10-29 10:57:49','2019-10-29 10:57:49'),(9,3,'Smartphones','https://image.flaticon.com/icons/svg/114/114702.svg','2019-10-29 10:57:49','2019-10-29 10:57:49'),(10,3,'Tablets','https://image.flaticon.com/icons/svg/114/114703.svg','2019-10-29 10:57:49','2019-10-29 10:57:49'),(11,3,'Watches','https://image.flaticon.com/icons/svg/916/916337.svg','2019-10-29 10:57:49','2019-10-29 10:57:49'),(12,3,'Laptops','https://image.flaticon.com/icons/svg/114/114702.svg','2019-10-29 10:57:49','2019-10-29 10:57:49'),(13,4,'Smartphones','https://image.flaticon.com/icons/svg/114/114702.svg','2019-10-29 10:57:49','2019-10-29 10:57:49'),(14,4,'Tablets','https://image.flaticon.com/icons/svg/114/114703.svg','2019-10-29 10:57:49','2019-10-29 10:57:49'),(15,5,'Smartphones','https://image.flaticon.com/icons/svg/114/114702.svg','2019-10-29 10:57:49','2019-10-29 10:57:49'),(16,6,'Smartphones','https://image.flaticon.com/icons/svg/114/114702.svg','2019-10-29 10:57:49','2019-10-29 10:57:49'),(17,7,'Smartphones','https://image.flaticon.com/icons/svg/114/114702.svg','2019-10-29 10:57:49','2019-10-29 10:57:49'),(18,8,'Smartphones','https://image.flaticon.com/icons/svg/114/114702.svg','2019-10-29 10:57:49','2019-10-29 10:57:49'),(19,9,'Smartphones','https://image.flaticon.com/icons/svg/114/114702.svg','2019-10-29 10:57:49','2019-10-29 10:57:49'),(20,9,'Laptops','https://image.flaticon.com/icons/svg/65/65732.svg','2019-10-29 10:57:49','2019-10-29 10:57:49');
/*!40000 ALTER TABLE `models` ENABLE KEYS */;
UNLOCK TABLES;

--
-- Table structure for table `oauth_access_tokens`
--

DROP TABLE IF EXISTS `oauth_access_tokens`;
/*!40101 SET @saved_cs_client     = @@character_set_client */;
/*!40101 SET character_set_client = utf8 */;
CREATE TABLE `oauth_access_tokens` (
  `id` varchar(100) COLLATE utf8mb4_unicode_ci NOT NULL,
  `user_id` bigint(20) DEFAULT NULL,
  `client_id` int(10) unsigned NOT NULL,
  `name` varchar(191) COLLATE utf8mb4_unicode_ci DEFAULT NULL,
  `scopes` text COLLATE utf8mb4_unicode_ci,
  `revoked` tinyint(1) NOT NULL,
  `created_at` timestamp NULL DEFAULT NULL,
  `updated_at` timestamp NULL DEFAULT NULL,
  `expires_at` datetime DEFAULT NULL,
  PRIMARY KEY (`id`),
  KEY `oauth_access_tokens_user_id_index` (`user_id`)
) ENGINE=InnoDB DEFAULT CHARSET=utf8mb4 COLLATE=utf8mb4_unicode_ci;
/*!40101 SET character_set_client = @saved_cs_client */;

--
-- Dumping data for table `oauth_access_tokens`
--

LOCK TABLES `oauth_access_tokens` WRITE;
/*!40000 ALTER TABLE `oauth_access_tokens` DISABLE KEYS */;
INSERT INTO `oauth_access_tokens` VALUES ('00cc63b057be5fed594a64f6a92e08ddb133b1b442388402928a65da8047bb245be9975ffbd8b26c',2,1,'Personal Access Token','[]',0,'2019-11-29 22:56:31','2019-11-29 22:56:31','2019-11-30 08:56:31'),('00cd333b4467e0ea379d0e69cf89f24a1336b0d3209228b33e8893b11987f478fd528a7fc92ae7fc',1,1,'Personal Access Token','[]',0,'2019-11-16 07:52:51','2019-11-16 07:52:51','2019-11-16 17:52:51'),('00f8ac8b50177287275ff3623617ed454e98af011810efbd509df881874e9e21e3246c37811ff1c5',2,1,'Personal Access Token','[]',0,'2019-12-01 12:39:46','2019-12-01 12:39:46','2019-12-01 22:39:46'),('02014d31bd7f50d78c6ff9f2788d36ccf2faff140096c3fb6b9a8a51031ed5771cdaf7600e2637d5',1,1,'Personal Access Token','[]',0,'2019-11-15 08:51:19','2019-11-15 08:51:19','2019-11-15 18:51:19'),('0230389a7f688d587aba663fe2e796926e9fd4ae8a8cbac8f7d1987fc01090111c120dba94c03c12',1,1,'Personal Access Token','[]',0,'2019-11-12 08:30:42','2019-11-12 08:30:42','2019-11-12 18:30:42'),('02c114add143806cb986f7c878f526ddaf8f6b08fcbd574a66ba5fd5a9fee441e10fd2fba26e8542',1,1,'Personal Access Token','[]',0,'2020-01-11 13:54:45','2020-01-11 13:54:45','2020-01-11 23:54:44'),('03a9fda668f8a1747217aacf25d861de755fb24424293a3ed85780ed72414ca6792cfd47446db70e',6,1,'Personal Access Token','[]',0,'2019-11-10 08:10:52','2019-11-10 08:10:52','2019-11-10 18:10:52'),('042da3fea5fcf86ad45ba1e702b6686a23f13780f467ba07996d69cea7e9eedefbb182fc945fba13',1,1,'Personal Access Token','[]',0,'2020-01-24 11:01:18','2020-01-24 11:01:18','2020-01-24 21:01:18'),('0485242dae0e40166941b6352b58ed474f39a952f39df0bbca3a348cbb80d2d5af79b18a249fb1b4',1,1,'Personal Access Token','[]',0,'2019-11-23 08:56:07','2019-11-23 08:56:07','2019-11-23 18:56:07'),('04a5cc555b3a9cd06a9463aa106235a381064e250e13d6471acd148c9c4e4674287292b61e89857f',6,1,'Personal Access Token','[]',0,'2020-01-23 12:13:26','2020-01-23 12:13:26','2020-01-23 22:13:26'),('05b94552ccf004d18e39e0e48c64346205bfa245ec0907ad82900e3801045ee6d878e27048a4cdc1',1,1,'Personal Access Token','[]',0,'2019-12-13 17:23:06','2019-12-13 17:23:06','2019-12-14 03:23:06'),('05d1b6c57362b51a0f3c532c708d6e92e48f8d026ee9d3d2156fcfc81821f60c3dfe2e3a5bc0eba5',1,1,'Personal Access Token','[]',0,'2019-11-11 08:40:38','2019-11-11 08:40:38','2019-11-11 18:40:38'),('07783629ae53a98f21f11130ebb7a0bf2a13a11d1da04144ab1a9f04ad59961146e3115d924321c5',6,1,'Personal Access Token','[]',0,'2019-11-11 19:55:30','2019-11-11 19:55:30','2019-11-12 05:55:30'),('078485d46d9140dd04b1fd5389d7cef8a378ab0d4ae5eda5fc2d7c559bb0dbbbbe1c85659ca4d596',1,1,'Personal Access Token','[]',0,'2019-11-20 08:00:13','2019-11-20 08:00:13','2019-11-20 18:00:13'),('07869040067dac44530db5b8b3d979360afa5fc429d2dc67b2c18b3a01cef369ab20fdf9401d52f9',6,1,'Personal Access Token','[]',0,'2020-01-19 16:04:46','2020-01-19 16:04:46','2020-01-20 02:04:46'),('07b5ac11e0fdd2c9addef421ca8eb39532e054dd44b6aab05ba24a48de59ad0b1c0e90343d07e00a',2,1,'Personal Access Token','[]',0,'2019-12-05 10:40:10','2019-12-05 10:40:10','2019-12-05 20:40:10'),('0840aacd17a88edd1dc7e752afaf12ee6519acb3c2305c181801207374ac23b88002d5d70e38fbba',2,1,'Personal Access Token','[]',0,'2019-11-11 09:09:16','2019-11-11 09:09:16','2019-11-11 19:09:15'),('085491f56c94302098e03533270bff8f47e377884f6cd27637e23af239f6839fe0dd8848adea8711',1,1,'Personal Access Token','[]',0,'2020-01-18 10:06:33','2020-01-18 10:06:33','2020-01-18 20:06:33'),('0a11fc0ce8311dfeb0399061ea9227259e41646150b2f6d1cbb33a6991abda861973823c3a6c2734',6,1,'Personal Access Token','[]',0,'2020-01-19 16:03:40','2020-01-19 16:03:40','2020-01-20 02:03:40'),('0a27fa61f56a68f89b6e8fc955cc4e2fb0ae208841045817dd923a5286706b02bcf6145f613c4831',1,1,'Personal Access Token','[]',0,'2019-11-14 09:37:10','2019-11-14 09:37:10','2019-11-14 19:37:09'),('0a4d57a4112cef6def566048dc7c3303111ea29d6c98aff412dfbe4a102446d92057db1bd47be896',6,1,'Personal Access Token','[]',0,'2019-12-03 11:44:16','2019-12-03 11:44:16','2019-12-03 21:44:16'),('0a581de2c5ac9ce449d8d91f7bb368ad63942d08bafc693ce2da9193f770229fcdb13e7619a20696',1,1,'Personal Access Token','[]',0,'2019-10-30 10:07:30','2019-10-30 10:07:30','2019-10-30 20:07:30'),('0a67b49f71ac6e60f22734871cf508b9915d9495249c67711691db525513482fdd129809137ad41a',1,1,'Personal Access Token','[]',0,'2019-11-02 07:57:00','2019-11-02 07:57:00','2019-11-02 17:57:00'),('0abfb474976ea5a214844fe03e7427306aa5f08a5bfc784a14736a681ba0d4cddec5262e9c2ab20d',1,1,'Personal Access Token','[]',0,'2019-11-06 10:11:01','2019-11-06 10:11:01','2019-11-06 20:11:01'),('0af01b1c11e6b35ad8278e0f4913d39caadfdf76ed0a5608a2fa681d39782c4b4e59291746cdb988',1,1,'Personal Access Token','[]',0,'2019-11-04 14:03:16','2019-11-04 14:03:16','2019-11-05 00:03:16'),('0b1ad32946044eca6525f921af74b07114efd113974df3a195189bc1bf4660e0fbfa21f06246eca3',2,1,'Personal Access Token','[]',0,'2019-11-05 18:14:26','2019-11-05 18:14:26','2019-11-06 04:14:25'),('0b72b1f5c2646c7922b8b3b380f63789fbb643e849db35cd962fd0599cf6e284a13f12533859cefa',2,1,'Personal Access Token','[]',0,'2020-01-19 15:51:02','2020-01-19 15:51:02','2020-01-20 01:51:02'),('0b8ac4168b9e14ed223dd9fbbb4705caf35153be7898e02350b393fc30be50346f17475997fe47ff',2,1,'Personal Access Token','[]',0,'2019-11-14 16:14:27','2019-11-14 16:14:27','2019-11-15 02:14:27'),('0bc3e518c43b9a27ca008da3d99c8ad960c7b3d84cc330bed201cd94c83415a6cf02d950a0a513fb',1,1,'Personal Access Token','[]',0,'2019-12-09 11:13:27','2019-12-09 11:13:27','2019-12-09 21:13:27'),('0c1a1bf7d8eb32bdb15bc909c547c3ffaaf1ef59d18164f7cd896cf45d5f3529976a5723a14867a6',2,1,'Personal Access Token','[]',0,'2020-01-11 15:38:25','2020-01-11 15:38:25','2020-01-12 01:38:25'),('0c98eac9b825db8282ac4ffab459a2d4def14f2907c2594ef8a27de655591b925dd6576f202a5cb2',2,1,'Personal Access Token','[]',0,'2019-11-17 19:37:54','2019-11-17 19:37:54','2019-11-18 05:37:54'),('0d6b7ed39212c70d2829d22f9404982cc963412f65db558c5287f9aa3a04ea5a1f4df70fcaee837f',2,1,'Personal Access Token','[]',0,'2019-11-06 03:07:22','2019-11-06 03:07:22','2019-11-06 13:07:22'),('0d824e7f97f37853a6098f1abf816912b58d8164956658e898b71a0d7935ca8db7c0eac049f14609',1,1,'Personal Access Token','[]',0,'2020-01-22 14:40:07','2020-01-22 14:40:07','2020-01-23 00:40:07'),('0d8a77a2b3ec641abbd031d8de080f4d664ce542e4a5ed817aa0d73df1529dbc098318813127d0bf',2,1,'Personal Access Token','[]',0,'2020-01-01 17:04:25','2020-01-01 17:04:25','2020-01-02 03:04:25'),('0ee2d38265ada5ca5fbff9a99341d79691d5986a1e48c290d91ae1d39f68cf2c2ee1859c0d08fe48',1,1,'Personal Access Token','[]',0,'2019-12-11 18:33:18','2019-12-11 18:33:18','2019-12-12 04:33:18'),('0f02a0c893b6f635d80dbdda4fb682b39deb0880afe8c2355a578e1e0e7fbf4844714a7af246c511',2,1,'Personal Access Token','[]',0,'2020-01-19 15:29:08','2020-01-19 15:29:08','2020-01-20 01:29:07'),('0f52dc06de695f1ea6bbe3392db38da7bd661e12e1d4924ffd59a6cbe1a93ce0466dcc5a932f30bc',6,1,'Personal Access Token','[]',0,'2019-11-10 11:49:35','2019-11-10 11:49:35','2019-11-10 21:49:34'),('0ff41aac4129a827b1085ad848dc1f31000d789d0d11b1908b2fcfc0deccac30037f4b7357025f07',2,1,'Personal Access Token','[]',0,'2019-11-21 15:55:22','2019-11-21 15:55:22','2019-11-22 01:55:22'),('105bd4547952ac79936756539038beede7faa595a14c141e0e566995a845e0e8158d657d796f8e12',2,1,'Personal Access Token','[]',0,'2020-01-26 12:16:17','2020-01-26 12:16:17','2020-01-26 22:16:17'),('10aae9897a552ac8d0bf0d6e976454a4378adff9ef637a5e314b16672b85532edc0e37b842217e9c',1,1,'Personal Access Token','[]',0,'2020-01-04 08:38:42','2020-01-04 08:38:42','2020-01-04 18:38:42'),('117152f8442d9cfb3e3019eb8d0b6af6349794ce22049da10f2424a33049f6d043467647dd0a6272',2,1,'Personal Access Token','[]',0,'2019-10-30 15:06:01','2019-10-30 15:06:01','2019-10-31 01:06:01'),('11912ef73a41a83bd7a5945d9ce1e9bbe20a72a0c7ecf23bdc3cd00b4d734c06a61a86d6fa29b91d',1,1,'Personal Access Token','[]',0,'2019-10-29 12:54:06','2019-10-29 12:54:06','2019-10-29 22:54:06'),('11be112fece3b25d2f3db84cd22d6f6fe77437674189299eef1a72aa1b365f9b96474eab5b311553',1,1,'Personal Access Token','[]',0,'2019-11-25 07:48:13','2019-11-25 07:48:13','2019-11-25 17:48:13'),('11e76fced440d0ae2f9d34f961f52ff1f0653dadcc94c3d94f0ff901810b5f5f325cc2923ff03072',1,1,'Personal Access Token','[]',0,'2019-11-18 10:38:58','2019-11-18 10:38:58','2019-11-18 20:38:58'),('13448813679d290d61cacfda8e902ef1899940489eca40d1b98b0351eb3ddaf8bc8d9f2ce8269b07',2,1,'Personal Access Token','[]',0,'2020-01-21 16:10:05','2020-01-21 16:10:05','2020-01-22 02:10:05'),('1382d883db453438000384fbc9eb5f1ec6ed7bb29a31180f445787f4c9550e43d9c22e4a80fcca61',2,1,'Personal Access Token','[]',0,'2019-11-11 09:09:46','2019-11-11 09:09:46','2019-11-11 19:09:46'),('13c41b0f4e868de934f14d13e443c852d6cac81644e8f37fa2dfa5759d58b8e9727fc58956792300',2,1,'Personal Access Token','[]',0,'2019-11-06 20:20:45','2019-11-06 20:20:45','2019-11-07 06:20:45'),('1430c39ed1d703712af9b772156aa4cd8a09f3d980ab9a16e210ce79ad19f4843edb76c747499e08',2,1,'Personal Access Token','[]',0,'2020-01-19 16:01:32','2020-01-19 16:01:32','2020-01-20 02:01:32'),('1472375aa52d11b3969d99617f5461631a6e808c3816dd79856bc1b833a228a86fe7c170561531f1',6,1,'Personal Access Token','[]',0,'2019-11-10 10:44:07','2019-11-10 10:44:07','2019-11-10 20:44:07'),('1572324aeb11408487b3beb0719716d6962bfca701d0f275dcf187736c8f52966ffd8d27cfc9c78d',6,1,'Personal Access Token','[]',0,'2020-01-19 16:04:52','2020-01-19 16:04:52','2020-01-20 02:04:52'),('1598b0801a03f88b7c086fc036215657772b2bb1e786cd5d7b51843086cfd84c13499a098d0e84e6',1,1,'Personal Access Token','[]',0,'2019-12-16 07:52:05','2019-12-16 07:52:05','2019-12-16 17:52:05'),('15c1b3b3c3d04a7385825d7773c5ed30d39506af01fe563fe5c95c7251617336a82948d72e367018',1,1,'Personal Access Token','[]',0,'2019-10-31 07:52:21','2019-10-31 07:52:21','2019-10-31 17:52:21'),('16abe4ccaa467b72f7a308ec7d1b261059f9ddcd015fd177697ae7575e0df677b8e7d284b7b22007',6,1,'Personal Access Token','[]',0,'2019-11-10 10:44:04','2019-11-10 10:44:04','2019-11-10 20:44:04'),('177b3ea571352c6a9406ead6b43348bb13d57b301229c9cf9970fa1640ae25a6b0e92708b24c9cc1',1,1,'Personal Access Token','[]',0,'2019-12-03 08:07:23','2019-12-03 08:07:23','2019-12-03 18:07:23'),('182f568296f7a0d033e8fd44603c68626d343897955822a7daf30b8073090362156948bf80fbd32d',6,1,'Personal Access Token','[]',0,'2020-01-19 16:04:51','2020-01-19 16:04:51','2020-01-20 02:04:51'),('1876d9c238849ec7cf7ae86bd053fe26ffb5ced923337484cbbf7c3e34210aca61b28eb3236aca8b',1,1,'Personal Access Token','[]',0,'2019-11-08 08:06:08','2019-11-08 08:06:08','2019-11-08 18:06:08'),('18e4b437aa1e656788fe06b4490d430bf1e46c60b048d93c160eb65b0543c27321310854a0175a26',1,1,'Personal Access Token','[]',0,'2019-11-27 10:31:02','2019-11-27 10:31:02','2019-11-27 20:31:02'),('1966230431f11e924ff57ee8ca8cf6a71eeb057ae6b5479d8646a9435b43d15b4fe3365651fa5da8',1,1,'Personal Access Token','[]',0,'2019-12-17 09:57:49','2019-12-17 09:57:49','2019-12-17 19:57:48'),('19d1e414c4b611d3bf7c6a26494acd2799366ce47eec2693992acf6ec7754174c8d7de5fd89a1da3',2,1,'Personal Access Token','[]',0,'2019-12-15 08:47:25','2019-12-15 08:47:25','2019-12-15 18:47:25'),('19f9d3a27c7f13711ac4fbabd08a990818bcf89cc5a9ec7509f0d75cbd54f3da9eb74d6196a96145',6,1,'Personal Access Token','[]',0,'2019-12-09 10:35:18','2019-12-09 10:35:18','2019-12-09 20:35:17'),('1b2f89cdda0f87a5e6f2b70450020710ab20ffe7edac3557f256bd7f972bcae65e45c2abebdf5680',6,1,'Personal Access Token','[]',0,'2020-01-21 14:37:20','2020-01-21 14:37:20','2020-01-22 00:37:20'),('1b95124e981988a490952a437d915121e04f240afbd040e956d32e46bc09700ba5c4f93217e15224',6,1,'Personal Access Token','[]',0,'2020-01-11 16:42:03','2020-01-11 16:42:03','2020-01-12 02:42:03'),('1bf0c40c2ba32cd4fd24f979bf3e539c3c2aba2d2d92d00eb17bf2543e7a9cf9cf443bfbd0dc4c37',2,1,'Personal Access Token','[]',0,'2020-01-23 16:11:04','2020-01-23 16:11:04','2020-01-24 02:11:03'),('1cf7edde8cb996fd7c0d9d0c4739be99b55281a34e7a7baffc4dbd443835fb6f7e8f6be7d9553048',6,1,'Personal Access Token','[]',0,'2020-01-21 14:34:25','2020-01-21 14:34:25','2020-01-22 00:34:24'),('1d8a423a4d519ef7b2b155b181693509af937aef258fd36f235917a6929d4c67b692e7bebff2e979',2,1,'Personal Access Token','[]',0,'2019-12-09 13:03:40','2019-12-09 13:03:40','2019-12-09 23:03:40'),('1db93e8be1d986a2b06f15599372dbd28804963841880a20fcd7c257675812699e06199d8492ab4a',6,1,'Personal Access Token','[]',0,'2020-01-19 07:47:24','2020-01-19 07:47:24','2020-01-19 17:47:24'),('1e37a2da5780bccadc95bfad7b4cedfd08dfe06552c68c18708796a2c8f19f087ba7bc0e45013158',6,1,'Personal Access Token','[]',0,'2020-01-19 16:04:28','2020-01-19 16:04:28','2020-01-20 02:04:28'),('1e5e93fad1b67c9b18aefb6218a8ac61af4668aca0cbb852614d7c6a76dc51c8ff8c99d85363bc99',1,1,'Personal Access Token','[]',0,'2020-01-10 08:17:44','2020-01-10 08:17:44','2020-01-10 18:17:44'),('1e632f229ad72c399d52884a628e26794115a98df89bf7a58fe3e1ebbb6866bf7ca3f158d523bc55',1,1,'Personal Access Token','[]',0,'2020-01-14 08:03:37','2020-01-14 08:03:37','2020-01-14 18:03:37'),('1e79b7e78ad109627c7f9cb97c75826e48a97af7e8bb4df1ef4761d2aec480f43c39cf0fe368bdb0',2,1,'Personal Access Token','[]',0,'2020-01-23 15:59:34','2020-01-23 15:59:34','2020-01-24 01:59:34'),('1e92d6bd17554b512393d8646b70a8727defe8734088a57ea989af44e7e27d66b9e6d4fcff3c223b',1,1,'Personal Access Token','[]',0,'2019-11-07 15:35:04','2019-11-07 15:35:04','2019-11-08 01:35:04'),('1f06349030520193e61a1c8a839709dd42eb6887f1058ae2c5847695bbea7b7cb6588f725e864c8c',1,1,'Personal Access Token','[]',0,'2019-12-17 09:38:16','2019-12-17 09:38:16','2019-12-17 19:38:15'),('203eb5e2e31e0e5ae41e92ca4b95491fd2c11748903a1829de089aa754d5e0710c4a47267fc7d3d5',1,1,'Personal Access Token','[]',0,'2019-11-29 11:56:16','2019-11-29 11:56:16','2019-11-29 21:56:16'),('205d2395edd6ec6790ae82650929061405e6e9b42aa8fb3dbafb51baf4792c0f6220cc161d6ed200',1,1,'Personal Access Token','[]',0,'2019-11-18 10:19:01','2019-11-18 10:19:01','2019-11-18 20:19:01'),('20917eaf97035778140fa4dd17e18f401523794e96abb89386bc1c137780b73a98e44ac0faeaaab6',1,1,'Personal Access Token','[]',0,'2020-01-02 16:33:16','2020-01-02 16:33:16','2020-01-03 02:33:15'),('20d20f9d90cd992560aa2aee7bd57112c7a93eb6a8f5b22d574804eddae9d99685832a57a8ee4495',2,1,'Personal Access Token','[]',0,'2019-12-20 14:10:06','2019-12-20 14:10:06','2019-12-21 00:10:06'),('20f2314e4dd8d6fe86c7bebd41a51220626bee7c64e647f64cfd4f3a703683f732d763cf3ea3f7aa',6,1,'Personal Access Token','[]',0,'2019-11-14 16:12:02','2019-11-14 16:12:02','2019-11-15 02:12:02'),('210ce5f717a0ce09035f8b7f28ed2c1169087cb50998b33adf4a58e79791604ce5abc2ddc96308ee',2,1,'Personal Access Token','[]',0,'2019-11-10 11:49:25','2019-11-10 11:49:25','2019-11-10 21:49:24'),('21154900016fc1df397a8df443e29da6152a719f4f87c4471e434f817b520dbd3d03630ea5f0ea53',6,1,'Personal Access Token','[]',0,'2020-01-21 14:36:24','2020-01-21 14:36:24','2020-01-22 00:36:23'),('2117973412fa0311a252adeb805cde5d4b54eba68d203fc67d71f6b5d73517850e13aeb9cc2f4062',2,1,'Personal Access Token','[]',0,'2019-10-30 14:26:54','2019-10-30 14:26:54','2019-10-31 00:26:54'),('21710092efe79a6d9cf8395093c73b31b4a0f5f3678b22e28e5e4a62879143ed0b7cedb3a988cec3',6,1,'Personal Access Token','[]',0,'2019-11-14 09:32:06','2019-11-14 09:32:06','2019-11-14 19:32:06'),('21a73967569b361e73c581cd743368d3513999ee7291ccf5c7e5979b392aa6c3b3bc35b65cb6b714',1,1,'Personal Access Token','[]',0,'2019-12-07 07:54:17','2019-12-07 07:54:17','2019-12-07 17:54:17'),('21fa3345755cdf8e19ca8306a60a05fb524222640819fc03fb7f2a52a392d79829f2420202a284db',2,1,'Personal Access Token','[]',0,'2019-10-30 14:26:48','2019-10-30 14:26:48','2019-10-31 00:26:48'),('2220c336bd419b8bc9c2d165a419b402f6a8cc0139f8fa14cb79995aa2953df26a744a165bd137fc',1,1,'Personal Access Token','[]',0,'2020-01-02 16:33:14','2020-01-02 16:33:14','2020-01-03 02:33:14'),('22a747e55b977880381a1603261502a7ccf1dbed1dbdd08228ace566a64dbddc2c43bc234cb74e69',1,1,'Personal Access Token','[]',0,'2019-11-07 17:23:45','2019-11-07 17:23:45','2019-11-08 03:23:45'),('23849b8d7726733ec9ae0b211fa8082a2655471d933779ae75f729ad1b4f78482f66253519459dcc',1,1,'Personal Access Token','[]',0,'2019-12-03 08:21:41','2019-12-03 08:21:41','2019-12-03 18:21:41'),('23b33c9b25a446137448353816381aac7895ab782d03978e4453f2dda1281dc34e13655e081d50f2',1,1,'Personal Access Token','[]',0,'2019-11-11 08:06:28','2019-11-11 08:06:28','2019-11-11 18:06:28'),('23bcb3fcf5f62ee72c000a25d122141f67204e12e5af18f67d46faa3ea92c41d9d58d4ef57292a90',1,1,'Personal Access Token','[]',0,'2019-12-12 07:59:43','2019-12-12 07:59:43','2019-12-12 17:59:42'),('24ec231f28c75332fec19489bc568d352431b5c61f1ed5b94ef9a9cebc61f9b5ad536c12160deb92',1,1,'Personal Access Token','[]',0,'2019-12-31 07:53:05','2019-12-31 07:53:05','2019-12-31 17:53:05'),('256c928748fa8c8fc462feef3e03a9e16462039aaf622683c54ee0cf5cc2429381e24a6631c9b75a',6,1,'Personal Access Token','[]',0,'2019-11-06 20:16:16','2019-11-06 20:16:16','2019-11-07 06:16:16'),('257ae378dc9113c3ca0eaccbf9ab88b3877362207017fd790472b70c2696deb0e49ea3eb7e1b0aac',6,1,'Personal Access Token','[]',0,'2020-01-19 16:04:47','2020-01-19 16:04:47','2020-01-20 02:04:47'),('26346564113d7d622f25708fc64e233ed01986af5e1fb1a8686b9bb09838906ae8ecb195c79218b3',1,1,'Personal Access Token','[]',0,'2020-01-04 09:57:45','2020-01-04 09:57:45','2020-01-04 19:57:45'),('26d09e6189456b859e49242b8c2055a2139d152c59339be8028bb91946d29ea0901d88a87922b46e',6,1,'Personal Access Token','[]',0,'2020-01-18 12:30:24','2020-01-18 12:30:24','2020-01-18 22:30:24'),('27251080398faa4d37bae2b84ccc2a430dcbe4ee40e6bee13afef5e0009f63de919250ad86dc96ea',1,1,'Personal Access Token','[]',0,'2019-11-09 11:14:29','2019-11-09 11:14:29','2019-11-09 21:14:29'),('27bdd82fb07f198d4f9947e89a86e6295a65c6c016c42e5db0f1087a6c0a65ff63666a8d41a4a742',2,1,'Personal Access Token','[]',0,'2019-12-01 21:43:33','2019-12-01 21:43:33','2019-12-02 07:43:33'),('28338505de1d882e33996462034d736589b5ce110e85e46c9191e29e912b81818dc139c48fb8d852',1,1,'Personal Access Token','[]',0,'2019-11-13 09:46:33','2019-11-13 09:46:33','2019-11-13 19:46:33'),('284088d535583a82303c04e8a54dee68464d07dbbc5bf562a7be50af73bf0967a9ccf7e2c63c5030',2,1,'Personal Access Token','[]',0,'2019-11-05 18:13:17','2019-11-05 18:13:17','2019-11-06 04:13:17'),('28ca689ea5c0fa4d2ae910b827eb3f15b7fcea1adc1c288f333b2a897740908628912ba16474f574',2,1,'Personal Access Token','[]',0,'2020-01-19 15:51:02','2020-01-19 15:51:02','2020-01-20 01:51:02'),('2906ac67a282cbe8b353a67289f709dfd7f70a8f96a467cb41cb0690f13e966bd608d41fad384efd',6,1,'Personal Access Token','[]',0,'2019-12-11 09:43:32','2019-12-11 09:43:32','2019-12-11 19:43:32'),('2968f541062ae5e2815a94b2adf29eee0a01b08642aa102966a9be58ba3dc008b88c1d38b6a68866',6,1,'Personal Access Token','[]',0,'2020-01-19 16:03:40','2020-01-19 16:03:40','2020-01-20 02:03:40'),('2996d9c6a94d6dd9aa2e77f406eb1f38036a59b3be48cdfcf697cc585876b06964e09f9a89037fef',1,1,'Personal Access Token','[]',0,'2020-01-23 08:07:37','2020-01-23 08:07:37','2020-01-23 18:07:37'),('299faf26a409ba2f565aa1b2ee2f6bc062a95d310876144be1c6e8f6566a1e2c6a1dc4ea0bfdbb68',2,1,'Personal Access Token','[]',0,'2019-12-23 09:18:54','2019-12-23 09:18:54','2019-12-23 19:18:54'),('29d7da4947cd149b2454f73721743a621d35a3bd7852a9a78c30d049eb7a430f30ce000cc6c9ef3b',2,1,'Personal Access Token','[]',0,'2020-01-18 12:14:35','2020-01-18 12:14:35','2020-01-18 22:14:35'),('29d87fbba4d3daa5743498b76b5873b02524f04aeffc72cd85958a0f8b64f378b4d868af681f3c0f',2,1,'Personal Access Token','[]',0,'2019-11-21 18:37:28','2019-11-21 18:37:28','2019-11-22 04:37:28'),('2a4becc2e013821491a6ca84791e2cd69ee9760be38d2da2c6e970788fd325a4eb88d6f1d05d8c7d',1,1,'Personal Access Token','[]',0,'2020-01-14 10:34:48','2020-01-14 10:34:48','2020-01-14 20:34:47'),('2a5de038b5f75d69b50efd2b6decb23f2a7fcba7c6d14e4894349b885ff67284755ea7d3506029f1',2,1,'Personal Access Token','[]',0,'2019-10-30 14:26:55','2019-10-30 14:26:55','2019-10-31 00:26:55'),('2bb1a4a20e35e0b407a4658b72b72e2fd26aa7122e64bc6d81d8ad6435c5248abc483652da629cb3',6,1,'Personal Access Token','[]',0,'2020-01-12 12:12:52','2020-01-12 12:12:52','2020-01-12 22:12:52'),('2ce758634db7db7c7dd1d0008728e5ef7e006578635484a1cb3725bd3b27e760a723efd916116579',1,1,'Personal Access Token','[]',0,'2019-10-29 11:30:26','2019-10-29 11:30:26','2019-10-29 21:30:25'),('2d1feac868d7cdbf80a32e873fc0f1df9e9a3574271b74a4614192aca67d4d54cb4f0df1dff5bb21',6,1,'Personal Access Token','[]',0,'2020-01-21 12:28:17','2020-01-21 12:28:17','2020-01-21 22:28:17'),('2eb65b7db69d4e750d45ebe5631948a7796e9009142dd232791f40dab1c49fbc6c2be36cef169d05',1,1,'Personal Access Token','[]',0,'2019-12-10 08:11:12','2019-12-10 08:11:12','2019-12-10 18:11:12'),('301fe7a783d75dda1e8027193544964ecbcf4087df662041c2e385333b8907418c7219078ee7ebab',1,1,'Personal Access Token','[]',0,'2019-10-29 13:02:44','2019-10-29 13:02:44','2019-10-29 23:02:44'),('303cf7695ed4ef0b2e2d900671d2cdc95a7b8a706ef7ace935beae9539b0087eb61c3880dab1d4d1',2,1,'Personal Access Token','[]',0,'2019-11-05 12:52:47','2019-11-05 12:52:47','2019-11-05 22:52:47'),('304075f789c421de5a9003e012a28b163f48199493195b4e32489111a1e68cecbed5bb6c27b5050e',2,1,'Personal Access Token','[]',0,'2019-12-06 09:52:43','2019-12-06 09:52:43','2019-12-06 19:52:42'),('3145df873482be5cf3021794e83feaa2e28159868d4c1aa592c7e5eba67321fa2abe7357088e212a',2,1,'Personal Access Token','[]',0,'2019-11-24 09:15:20','2019-11-24 09:15:20','2019-11-24 19:15:20'),('315193199832667b68df657cea1546f742d63795aaa0ab24ff66b6f8cf910af42c300011c155561f',1,1,'Personal Access Token','[]',0,'2020-01-07 07:55:45','2020-01-07 07:55:45','2020-01-07 17:55:45'),('31932cea72d87b46b6e2b71ddace03d924bb44e9c62c2b06384cd7b518fc1a6b18dc376d3581eec6',6,1,'Personal Access Token','[]',0,'2019-12-04 07:48:00','2019-12-04 07:48:00','2019-12-04 17:48:00'),('32394ef49efba8924d8ad498e42ce4d28efba3ff99a4100dadc35e3c1e9850e588e540c1f896a0de',1,1,'Personal Access Token','[]',0,'2020-01-14 17:28:04','2020-01-14 17:28:04','2020-01-15 03:28:04'),('325688b3c95820c7c83d943cd90b60a3cdb134957e8176a542e74e632f89d07a61ddea26d8e45762',1,1,'Personal Access Token','[]',0,'2019-12-13 16:51:15','2019-12-13 16:51:15','2019-12-14 02:51:15'),('325d516df25088ad33789407c3d0d9c1c675e2e2cceca4226c940ce84734c798ec8e4f7fa38ab82b',2,1,'Personal Access Token','[]',0,'2019-11-08 19:02:37','2019-11-08 19:02:37','2019-11-09 05:02:37'),('32dc5f7432ca1e57cfd2fd7941635700539f557c9abebbd32bb683833d69b12321f48afade77a3dc',2,1,'Personal Access Token','[]',0,'2020-01-14 17:14:09','2020-01-14 17:14:09','2020-01-15 03:14:09'),('339c50e160f47ff2e417fee53a1e4674ce8a286281c5c24a8a5ebae17c45abac96be0a5f88fd9ff7',2,1,'Personal Access Token','[]',0,'2020-01-06 21:08:58','2020-01-06 21:08:58','2020-01-07 07:08:58'),('33dfb51f2a154d86f28ebf4bc8472154d14795a77911a231d45839b2d6237fdda310e49310608b32',1,1,'Personal Access Token','[]',0,'2019-12-04 08:18:37','2019-12-04 08:18:37','2019-12-04 18:18:37'),('3473c7799908003ec7b1793f35ffa1e727831068471ca1f317fff4bbf492e418179d03f1a87a1a4c',1,1,'Personal Access Token','[]',0,'2019-12-20 09:06:09','2019-12-20 09:06:09','2019-12-20 19:06:09'),('359554fad86e25f788aa502c0d519201868dfaeff5bde3f17efccac09cb5dd2d0c9c810c7c8e6aed',6,1,'Personal Access Token','[]',0,'2019-11-11 07:07:01','2019-11-11 07:07:01','2019-11-11 17:07:01'),('35e90badf677dab3851c61fc3ec0330a3b0e0ed0641549161678ed451ad6e1003e73b08ac610ece6',1,1,'Personal Access Token','[]',0,'2020-01-02 08:37:17','2020-01-02 08:37:17','2020-01-02 18:37:16'),('36defc3db62c914cbc18ec40849703ca38dcfacf760390e7bdf9f32b22473414e44e2ad4a54e4d35',1,1,'Personal Access Token','[]',0,'2020-01-02 16:33:04','2020-01-02 16:33:04','2020-01-03 02:33:04'),('37142cb5ae9c2788e6ff689521f4b6f6a020c39432a879483b9debc55bfe9144d3b0c60e2689a21b',6,1,'Personal Access Token','[]',0,'2020-01-19 16:04:50','2020-01-19 16:04:50','2020-01-20 02:04:50'),('37416bc0c1a7c44a7fcb2cf2aa07b5a921775a613fb07969ef25298ddcb5763f848c945a82dad6bc',2,1,'Personal Access Token','[]',0,'2019-11-18 21:30:43','2019-11-18 21:30:43','2019-11-19 07:30:43'),('3861f3a6ba81721141b77789c8620f5b8b98e67017bcae77e46d1fcd219bbb278618bbaaf07afa12',1,1,'Personal Access Token','[]',0,'2019-12-24 09:09:17','2019-12-24 09:09:17','2019-12-24 19:09:17'),('387cf09224357c33b0c2b44c561bc1504a898bb1b67d48c42b73a4fd08a58d16a10d99d0f6a34209',1,1,'Personal Access Token','[]',0,'2019-10-29 11:00:14','2019-10-29 11:00:14','2019-10-29 21:00:14'),('395b29a7194be81854f0b981320ee4282764b5ae30b042d7ec913b12db74c81bf829994d2b6bd351',1,1,'Personal Access Token','[]',0,'2020-01-07 17:47:31','2020-01-07 17:47:31','2020-01-08 03:47:31'),('395b74ee5613f25ad646e7c1d4afbf84c14ae2064186ac70b1b90279a162f87688c0f49242afd634',6,1,'Personal Access Token','[]',0,'2020-01-19 16:04:54','2020-01-19 16:04:54','2020-01-20 02:04:54'),('398d46222f4af8217f538d1a645bb697e6fa473fcd8a6b1ee8abbb8d9f21c973d927622e77a4eafa',6,1,'Personal Access Token','[]',0,'2019-11-06 20:12:36','2019-11-06 20:12:36','2019-11-07 06:12:36'),('39a56c34a6a57621b4c09e1699953c1c42bdb53156883c617a2e7ac056fa962b75d5ad1a1a4827da',6,1,'Personal Access Token','[]',0,'2020-01-19 16:03:37','2020-01-19 16:03:37','2020-01-20 02:03:36'),('39c5f671d9fe2e831cf408037e0dd6034eaabd18b838eb9bea8abd8deae2ee636f05190e6df009e8',6,1,'Personal Access Token','[]',0,'2020-01-19 07:47:33','2020-01-19 07:47:33','2020-01-19 17:47:33'),('3a137e94c920753b71a9b66e247fe0e469b9c4dbbf71776694e9be88787fa84df688c55a2a1792c9',2,1,'Personal Access Token','[]',0,'2019-10-31 09:29:40','2019-10-31 09:29:40','2019-10-31 19:29:40'),('3a73ab38f5a5560cfe06426f128ca08c2862b18e8cd2895ca66625c944a6b857e83f489882e5e435',2,1,'Personal Access Token','[]',0,'2020-01-22 14:45:37','2020-01-22 14:45:37','2020-01-23 00:45:37'),('3bea9bb52e85d11301ce5c73a986d5647953084f14426c5d5fd16238f648d002ea8192fc0196de02',6,1,'Personal Access Token','[]',0,'2020-01-19 16:04:34','2020-01-19 16:04:34','2020-01-20 02:04:34'),('3d917a322fced661881b602e4a2fd59914c0c69bcdfc2551ca11c2b7472b104e5be33e7fae065b5e',2,1,'Personal Access Token','[]',0,'2019-12-14 19:12:56','2019-12-14 19:12:56','2019-12-15 05:12:55'),('3f51604938307abada722705d4143129b38089139227571c42657e1f1e0f8fcf02b474274f4a4143',2,1,'Personal Access Token','[]',0,'2019-10-29 11:32:18','2019-10-29 11:32:18','2019-10-29 21:32:18'),('3f752cc61b715ef75883c869a979d58e2228c538ad04b2c179e283cb79f339503dc1dbb22a8fbe70',1,1,'Personal Access Token','[]',0,'2020-01-22 17:08:15','2020-01-22 17:08:15','2020-01-23 03:08:15'),('3fb0a7e0a5d4a3d0620c937789e83f93b759692a3c0c9d492f29cb21af571b7a9b880555eced5ecd',2,1,'Personal Access Token','[]',0,'2019-11-01 14:50:33','2019-11-01 14:50:33','2019-11-02 00:50:33'),('404fe6f749d39da4d98333d17ea37c0c7b72c8e140eacf465eb94df5d2c63fa517c17885221abb7b',2,1,'Personal Access Token','[]',0,'2019-11-14 20:16:31','2019-11-14 20:16:31','2019-11-15 06:16:31'),('4165387980fd4a38b354a3aa616b89769719beae212c080889a0fcb6716a8223ae8a64f2f1209dbd',2,1,'Personal Access Token','[]',0,'2019-11-06 11:16:47','2019-11-06 11:16:47','2019-11-06 21:16:46'),('417410ffde820686310cce44c748a914ef26e6b60dc3cf7b3a8b446c5c04ea063cb793fa4d7a12b6',2,1,'Personal Access Token','[]',0,'2019-12-24 18:57:45','2019-12-24 18:57:45','2019-12-25 04:57:44'),('4220644f182b0ab75542817edfd9d4a2ab02988c0a493e23833d46327350c1e7dc0901b58a866d0c',2,1,'Personal Access Token','[]',0,'2020-01-19 15:29:33','2020-01-19 15:29:33','2020-01-20 01:29:33'),('430070dc8c64a4219da352e19bfd71d9bfb4f25b1f250cd5a045725c795299dd9f0e0f339f53552d',1,1,'Personal Access Token','[]',0,'2019-11-14 09:20:31','2019-11-14 09:20:31','2019-11-14 19:20:31'),('448100a6f659423278faf3329f9b63aec5f49da90a5a2f6d0cc51a24af2b59218a45994702a87d95',1,1,'Personal Access Token','[]',0,'2019-12-27 14:13:18','2019-12-27 14:13:18','2019-12-28 00:13:17'),('44cb1e67fff0bebdca3323f94e176041cc4758d95caeef2e1e37f1d1fda67d3f704f96a075fc10ba',1,1,'Personal Access Token','[]',0,'2020-01-03 09:55:01','2020-01-03 09:55:01','2020-01-03 19:55:01'),('44ccd2ed327d64d8dd5307139b6fd9e3b92e8b227fa0205a93b2d42b8ce112776392b075faadc981',1,1,'Personal Access Token','[]',0,'2019-12-03 08:03:44','2019-12-03 08:03:44','2019-12-03 18:03:44'),('44e14d9be7a4ea4c8d41f64de7d18ba32f4e19171124b53fcb875365658582a5a701e8d6fa32bbea',6,1,'Personal Access Token','[]',0,'2020-01-18 12:32:02','2020-01-18 12:32:02','2020-01-18 22:32:02'),('459460089a2f381d424ed2b1126b2ae81d2b607c430ec177adbd9d5b708b654bb230f957c4f05550',1,1,'Personal Access Token','[]',0,'2019-12-23 11:35:19','2019-12-23 11:35:19','2019-12-23 21:35:19'),('45982bc04ee953e7d1ef0ccec4275bac3294a0eef2fd97966b96fcc5878b0a16502e4d5c3aefbce0',1,1,'Personal Access Token','[]',0,'2019-11-25 17:11:54','2019-11-25 17:11:54','2019-11-26 03:11:54'),('476008b5ae22d00c8a03e8de5220efacc6402e4c095d9cdbd56de44e6b76b7397ca5daba09b6fe38',1,1,'Personal Access Token','[]',0,'2019-11-30 07:48:29','2019-11-30 07:48:29','2019-11-30 17:48:28'),('47b8fc67a937b59cbb6ee3b9b10fbdea3c425f315167fb0c3f959ba5be6317e75376e59299ce69a1',1,1,'Personal Access Token','[]',0,'2019-12-23 17:34:32','2019-12-23 17:34:32','2019-12-24 03:34:32'),('47e6a2ea1a501a134b99c7e52bed95fd0f768ea1415c2adde5ad0e203842bfcc48a9ed86031f629c',1,1,'Personal Access Token','[]',0,'2019-11-25 10:06:06','2019-11-25 10:06:06','2019-11-25 20:06:06'),('484782a3df5a77383c758d194582767e76a04cba50cd693375496a1f68f8bbc34a6a3dc16892e884',1,1,'Personal Access Token','[]',0,'2019-11-30 08:46:17','2019-11-30 08:46:17','2019-11-30 18:46:17'),('4a68a5d913f3f2adf1c381e818f2aa4f58c3c2d633a49d8b83db866b4915c626d609b21ab05a1cdb',1,1,'Personal Access Token','[]',0,'2019-12-12 09:48:19','2019-12-12 09:48:19','2019-12-12 19:48:18'),('4a703d5410c1c1586e261c837e6537783fbc909b95534d78a08b7e9387728328fae47df8ea0a4c79',2,1,'Personal Access Token','[]',0,'2020-01-20 20:22:57','2020-01-20 20:22:57','2020-01-21 06:22:57'),('4a89f0f982387c4ee92355988282a1b4e22bd8c4978c18d877056266321e7426e0205eb0105f2c9b',6,1,'Personal Access Token','[]',0,'2019-11-14 09:33:25','2019-11-14 09:33:25','2019-11-14 19:33:25'),('4b04c65a845ae0c9212fe384460f0a8c8315e458b3d94f0570878326a2c865adc97dfeb40654dbdf',1,1,'Personal Access Token','[]',0,'2019-12-04 07:59:05','2019-12-04 07:59:05','2019-12-04 17:59:04'),('4bd9672e285db9914939a90f1a86146e3f16f8a495d42a8f042d99d307ff91b7866da4d102d9ac89',2,1,'Personal Access Token','[]',0,'2019-11-07 15:42:38','2019-11-07 15:42:38','2019-11-08 01:42:37'),('4c7198a76a6c9c58c07f3984f2f2e50aced15da7ab7b25b325f52495c8713eeebb250f57703faceb',2,1,'Personal Access Token','[]',0,'2019-12-05 09:30:56','2019-12-05 09:30:56','2019-12-05 19:30:56'),('4c914d3c0a49f487878c1e611c34a9cf4f67dd55e5510018fb375c2c3a4aaf2df3916fe4c3de40ab',2,1,'Personal Access Token','[]',0,'2019-11-14 20:16:31','2019-11-14 20:16:31','2019-11-15 06:16:31'),('4c9aa01f64d9d025d14fd253924c73c2e60f774feef35f6c931f49d610b927ecb140536e12bab4fd',6,1,'Personal Access Token','[]',0,'2020-01-08 08:19:43','2020-01-08 08:19:43','2020-01-08 18:19:43'),('4cb09ba28eff4bc1e6bbafb2d653078ee621480e9659f0eb7748430d8eb48918db7701cff2fb8d58',2,1,'Personal Access Token','[]',0,'2020-01-08 07:59:54','2020-01-08 07:59:54','2020-01-08 17:59:54'),('4ccf2948299728ea5ddc03e3d09761ea75bdabed2f268e8e984409e117cfe6b3d3c6d7845cfd788a',1,1,'Personal Access Token','[]',0,'2019-12-18 12:31:42','2019-12-18 12:31:42','2019-12-18 22:31:42'),('4ce26e8e6c1d3aa03f67b3f5c1b06e68f40421fb5d974d56b2387281c47bc840fbe1b54a7b1f7e93',1,1,'Personal Access Token','[]',0,'2019-11-27 10:04:25','2019-11-27 10:04:25','2019-11-27 20:04:25'),('4cf139bfec3cefafe1cab6c87cce3b351ce39cebbfcab3bb67c6c83d37bc49ea6665aa90d587aa48',6,1,'Personal Access Token','[]',0,'2019-11-10 10:45:07','2019-11-10 10:45:07','2019-11-10 20:45:07'),('4d386991f6354b4c93070f4d0421ae5cb2de4106b3cb5846104032aefbda255f272a479c6b579093',1,1,'Personal Access Token','[]',0,'2020-01-21 18:24:46','2020-01-21 18:24:46','2020-01-22 04:24:46'),('4d9e769f0b00c74f2dd65dc127e1753981471775b2180bd294904b9bd1038d29631174e9bc140604',2,1,'Personal Access Token','[]',0,'2019-11-05 18:12:46','2019-11-05 18:12:46','2019-11-06 04:12:46'),('4da0f422baaf5b3f7d2d060dde5818d5fcf0e736bc695e772f47d284382af84fc5e5be99f3a48379',1,1,'Personal Access Token','[]',0,'2019-11-30 09:20:31','2019-11-30 09:20:31','2019-11-30 19:20:30'),('4ee76456ed233e994ca2b5d1ff6467b23000ee3dae9e353609819b1f91b70b440b87fca9aefa8d13',2,1,'Personal Access Token','[]',0,'2019-12-13 19:38:33','2019-12-13 19:38:33','2019-12-14 05:38:33'),('4f2dc11a3018d91a1e59ea0c9376c3a45a746b208e943e442a75d89b71ced4fe3958b7ad09296419',1,1,'Personal Access Token','[]',0,'2019-11-26 16:08:18','2019-11-26 16:08:18','2019-11-27 02:08:17'),('4fe597c394c2608f366159d1127f4e43dd66f14036663b4cb828303d1484e33c3d09733a62e85500',1,1,'Personal Access Token','[]',0,'2020-01-09 12:28:09','2020-01-09 12:28:09','2020-01-09 22:28:09'),('4fe5f5f983a5550bc57bd9f2c914cfe1c7505917977f602dec0d7b8bd4078f4d1bc549a8a0798f99',2,1,'Personal Access Token','[]',0,'2020-01-08 15:17:58','2020-01-08 15:17:58','2020-01-09 01:17:58'),('4ffe86a6392e678c21f220a7543f8dd4688abfab538cf5c8411eb0f8a8a80ac004a833ec9c485795',1,1,'Personal Access Token','[]',0,'2019-11-23 08:01:20','2019-11-23 08:01:20','2019-11-23 18:01:20'),('5059d5f583b876c01826cc6549fe0a8cc6f21e99d5ae0bd5128f6640c329b9ac93b8420f10757c50',2,1,'Personal Access Token','[]',0,'2019-10-30 14:26:55','2019-10-30 14:26:55','2019-10-31 00:26:55'),('51083045b33c24493dfd0ae81367077bafbed352b6fe350495d498a2ac6b577e8d474b01ebb12772',2,1,'Personal Access Token','[]',0,'2019-11-09 18:53:39','2019-11-09 18:53:39','2019-11-10 04:53:39'),('5171bfae69f11b2b19712f679d8d356f4293da495b8c84086941c8e1aa9f93883becf757035c07b0',1,1,'Personal Access Token','[]',0,'2019-11-05 08:08:09','2019-11-05 08:08:09','2019-11-05 18:08:09'),('5200665c93e02559c7eadf20c081a7f2d98b23bebcb5c2c78ab2aef512a0707e64e7eac944c500ab',1,1,'Personal Access Token','[]',0,'2019-12-13 16:51:16','2019-12-13 16:51:16','2019-12-14 02:51:16'),('52c6a6d4bc52027f2569614645c46e92e71af7f762a3f0d7791e9c59b7cd54950bef60b5b9e6ff13',2,1,'Personal Access Token','[]',0,'2020-01-21 11:42:59','2020-01-21 11:42:59','2020-01-21 21:42:59'),('5303ab22f5743dea520a004cfc18725773c08466296ad9067b1102e8c2ea4f908e4859572d1e1603',1,1,'Personal Access Token','[]',0,'2020-01-11 07:39:04','2020-01-11 07:39:04','2020-01-11 17:39:03'),('538b62849d5d07a7147ce17247fb07dbdc0d23512af70037e3ba2fb8e947c57ff19cc9942265e90f',2,1,'Personal Access Token','[]',0,'2019-11-27 18:33:26','2019-11-27 18:33:26','2019-11-28 04:33:26'),('53b45322e1788ca2870295cc61b983a691c1e1f7ef2d7cf459482ee979fbb36f82d0d939a7729959',2,1,'Personal Access Token','[]',0,'2019-12-17 09:16:10','2019-12-17 09:16:10','2019-12-17 19:16:10'),('53d51882966538bdadf2a243384446f55412ebda86625d4c6c73bd8c4b79eda4328fe63d8c9af4bd',2,1,'Personal Access Token','[]',0,'2019-11-22 13:59:01','2019-11-22 13:59:01','2019-11-22 23:59:01'),('5440d20f000fb78836b5a5e134127ae7da8b8d723864fc5f52eb2fa2e480d404d83beed435a94fa2',1,1,'Personal Access Token','[]',0,'2019-11-15 09:21:58','2019-11-15 09:21:58','2019-11-15 19:21:57'),('54746a274a2f96d5704e72f5655dec559f0713d194c4999c5ab0d3356d510d7814c3da51e25ae91a',1,1,'Personal Access Token','[]',0,'2019-11-28 07:54:49','2019-11-28 07:54:49','2019-11-28 17:54:49'),('5483f634659b47381ac104a62b6329c244bdf62df1d5ea3558e9296e14b6caaae08d85e01c5eb9af',6,1,'Personal Access Token','[]',0,'2019-12-14 11:44:47','2019-12-14 11:44:47','2019-12-14 21:44:47'),('54c0a99d40168be739db01779e859f1b65959b8dd74ff8ffe666bdeb225d6bca22e735ca97a4c5e2',1,1,'Personal Access Token','[]',0,'2019-12-21 07:50:23','2019-12-21 07:50:23','2019-12-21 17:50:23'),('55587304014aee0ba1a9b5b2747832ddb73f81bdb9b21a28503c69f1c54a853a98daa6c11fa2bee1',1,1,'Personal Access Token','[]',0,'2019-12-11 07:52:42','2019-12-11 07:52:42','2019-12-11 17:52:42'),('55a9fe404e1c1eb50d0ace19fb3dea1b270d81f1f2bd8b97d1b6cf9f2513a2f05abe43d0648c608c',1,1,'Personal Access Token','[]',0,'2019-11-29 07:56:09','2019-11-29 07:56:09','2019-11-29 17:56:09'),('56b68be755d6c44336d9925fbff003178f39caacbd5f1076d120679fbdfe2806d549a18620b21aea',2,1,'Personal Access Token','[]',0,'2019-12-16 22:08:02','2019-12-16 22:08:02','2019-12-17 08:08:02'),('5701a2a7c7862bc16b092c6df3631fc0010120624bff294f313d4c69fe61cbbca421a99a809029ec',6,1,'Personal Access Token','[]',0,'2020-01-19 16:04:51','2020-01-19 16:04:51','2020-01-20 02:04:51'),('5721481b57bd72b5bc616f2bec48e2370c4e8b18999daa8b0b547264ba32a0ea45e3d21d1d6c0fca',1,1,'Personal Access Token','[]',0,'2019-11-18 08:00:59','2019-11-18 08:00:59','2019-11-18 18:00:59'),('5807369ed3c8131b465e4229e6b5f3768ef1a8d3698534fa1b23a4667c9ae0bb733bbd466de415ab',6,1,'Personal Access Token','[]',0,'2020-01-08 11:13:07','2020-01-08 11:13:07','2020-01-08 21:13:07'),('583ffde7e1f24616447e1fa519529400e7b2b169254270c98a75106b3b5f5b0eb580fb6074e7bf38',6,1,'Personal Access Token','[]',0,'2019-12-10 14:54:15','2019-12-10 14:54:15','2019-12-11 00:54:15'),('595797fd17f61d856fcb4e0216edbca56f2dc1aeeb0118f6aea93caf10d3736947961f38f3128a68',2,1,'Personal Access Token','[]',0,'2020-01-19 15:51:02','2020-01-19 15:51:02','2020-01-20 01:51:02'),('598ff3de10375c777ac75dd728246180fc9a310e26a5f1b70c04ff23eb87ce6005701c384d887cd1',1,1,'Personal Access Token','[]',0,'2020-01-03 07:59:58','2020-01-03 07:59:58','2020-01-03 17:59:58'),('59b07576e49405db03c709ada03e2c2f5bc8448d3311dc2f441af81272a60438ff5fdcf88feeeba0',6,1,'Personal Access Token','[]',0,'2020-01-08 08:00:18','2020-01-08 08:00:18','2020-01-08 18:00:18'),('59b28f9ecf302fa735900220d39a08cc95ebb482d293e3c97116bdf01eeb8895d193a86ad20c70d8',1,1,'Personal Access Token','[]',0,'2019-11-06 20:22:47','2019-11-06 20:22:47','2019-11-07 06:22:46'),('5a3c96cba8de08b5a89dbb55fd5beeff93fa02c97c36fc54af316a77e3f5433aed14ed7940a4359a',1,1,'Personal Access Token','[]',0,'2019-11-19 08:02:59','2019-11-19 08:02:59','2019-11-19 18:02:59'),('5ba081c4a03a2d7b2ad55f469576fbc27aa690f307ac0e605a99045e00f227589d3565492cc573d6',1,1,'Personal Access Token','[]',0,'2019-12-13 12:12:41','2019-12-13 12:12:41','2019-12-13 22:12:41'),('5c1df8c6f83729ef7a7de243abbeaac72086b8eec9bdb31bde777327aec3f777b0f66d6a872b5bd7',1,1,'Personal Access Token','[]',0,'2019-11-07 07:51:49','2019-11-07 07:51:49','2019-11-07 17:51:49'),('5c31b8725fdc1768866815aa20c04801129429e1783a8cc1fb4d578cc3a2d4b24ba77488200cc6d3',1,1,'Personal Access Token','[]',0,'2019-11-13 12:49:09','2019-11-13 12:49:09','2019-11-13 22:49:08'),('5ca132429b3ad77d2513822f67688bffd6848c3994056963e98f78c073754d65ba36a03b44eac9ce',1,1,'Personal Access Token','[]',0,'2019-11-07 15:35:02','2019-11-07 15:35:02','2019-11-08 01:35:02'),('5caabaeb14754980b0add1a7afa8051765f5b858e69deef6abac917ced7db59136c7d14218e1f400',1,1,'Personal Access Token','[]',0,'2019-12-10 08:14:03','2019-12-10 08:14:03','2019-12-10 18:14:03'),('5d8b4be1f23740956069fa424e57089ed00f78c476de15a13171807d7d2179d6571802bbeaa34e91',1,1,'Personal Access Token','[]',0,'2019-12-17 07:50:52','2019-12-17 07:50:52','2019-12-17 17:50:52'),('5da0cdaa42a6b289d23e87385645238bc5c3e47eeff60caffd419b08d30af5837fd92acffd424d4b',1,1,'Personal Access Token','[]',0,'2019-11-09 08:01:25','2019-11-09 08:01:25','2019-11-09 18:01:25'),('5dfb17f46039f758a87f7f46fa09076b0b4d09b0a81c6b58d30ce9679a76be8e9817e2775d9b8b92',1,1,'Personal Access Token','[]',0,'2019-11-13 15:28:14','2019-11-13 15:28:14','2019-11-14 01:28:14'),('5e2b425120df32c805f09cbaa1b92c2fabe7cda64e88479b79c668c01dfccc30bba2dee0ae53cedb',1,1,'Personal Access Token','[]',0,'2019-12-23 13:36:10','2019-12-23 13:36:10','2019-12-23 23:36:10'),('5e2e1034e96c987580cb5bc8d6a108cc774c8fded63f4a5981c34d7f0f77b2b153a3a9177784c39d',2,1,'Personal Access Token','[]',0,'2020-01-10 17:57:41','2020-01-10 17:57:41','2020-01-11 03:57:41'),('5e3415aa023794cda3a2c7f6aff5c5c2bde470a9dca8f49ba3e07c73e4a2f72f664202121dc3b063',6,1,'Personal Access Token','[]',0,'2019-11-28 14:29:13','2019-11-28 14:29:13','2019-11-29 00:29:13'),('5e71205c0203ffc625ed804733badd70b8f13b1155b4f04dc3eb35d965e06540b80bb5349fe8d4cd',2,1,'Personal Access Token','[]',0,'2019-11-08 07:55:04','2019-11-08 07:55:04','2019-11-08 17:55:04'),('5ec4c72784c574fda6db4dc86224cb9e3661210c74b5b2d9120ddad60ceceb2925230ba54bd9e869',2,1,'Personal Access Token','[]',0,'2019-10-29 15:04:41','2019-10-29 15:04:41','2019-10-30 01:04:41'),('5efc135737536bb146725c571ba80ba4d5e2b6bb34bb031d919bb99407fda8c512cd529b9174619f',2,1,'Personal Access Token','[]',0,'2019-10-30 12:59:44','2019-10-30 12:59:44','2019-10-30 22:59:44'),('5f95771cb1c8f6c2898bb0845c7a453f84119566d3b136b0f813d40318ad3a486d3ccb780eceaf26',1,1,'Personal Access Token','[]',0,'2019-11-11 18:09:38','2019-11-11 18:09:38','2019-11-12 04:09:38'),('5fe4a553a3953a9cfb2aa945be323ad6f6258e2d2275236ba293a9432934052e6397d7dc2e868092',1,1,'Personal Access Token','[]',0,'2019-11-19 10:52:40','2019-11-19 10:52:40','2019-11-19 20:52:39'),('62a491e0dec68d4ff8e868ce2ee1dd50feb68ca2b658f8dc31fa8aa90aa61e03e01b71a1f7a314d3',1,1,'Personal Access Token','[]',0,'2019-12-30 07:58:27','2019-12-30 07:58:27','2019-12-30 17:58:27'),('62c78878b907f79aac9661cf428d59e7831ddd9f4f7ba3115d798d36d418986fff8b265e44e066c3',1,1,'Personal Access Token','[]',0,'2019-12-31 08:01:46','2019-12-31 08:01:46','2019-12-31 18:01:46'),('636f68ceb901929f2b66381fb9d62998979a2897817fbbca0b351f904706c00890395e0812f1ecf8',2,1,'Personal Access Token','[]',0,'2019-10-30 14:26:56','2019-10-30 14:26:56','2019-10-31 00:26:56'),('6392b88ba5192c0975d79dd5f25573536b31220f323aa7a73dec6f934ef2fbacffc0e16050d2b3c2',6,1,'Personal Access Token','[]',0,'2019-11-28 21:13:54','2019-11-28 21:13:54','2019-11-29 07:13:54'),('63a267acd5d6efdd6b0335f8a9dd8d2e17eb92c442e14fbb64c934ba3c927c41a319904762b38d42',1,1,'Personal Access Token','[]',0,'2019-12-05 09:12:28','2019-12-05 09:12:28','2019-12-05 19:12:28'),('645cf9fc1616293a4c99756589271db98b62b4e26cb1e98f9137b10593bf28f0f3ff50d6a6367b52',1,1,'Personal Access Token','[]',0,'2019-10-31 08:03:06','2019-10-31 08:03:06','2019-10-31 18:03:06'),('647013e46e375bdae01b0ad93f4ebf513c032a9d39b8d68b083bdfd0f2726c366356166420ffee10',1,1,'Personal Access Token','[]',0,'2020-01-24 10:48:33','2020-01-24 10:48:33','2020-01-24 20:48:33'),('6562a09aa76092f24d3b196bc6ad7e29a40b3a22b4eac6955a9680df77d2a85be446d25c9582c68d',6,1,'Personal Access Token','[]',0,'2019-11-25 16:02:58','2019-11-25 16:02:58','2019-11-26 02:02:58'),('6595cafa43dcdccc61a0187cc94c1cfaffd571227cf6f2a427fee32ff65439cf2e2ca4362c8ea6b9',2,1,'Personal Access Token','[]',0,'2020-01-18 15:54:56','2020-01-18 15:54:56','2020-01-19 01:54:56'),('6595d5205542c1622efb21ec00f22c55202064190b0ce0160ea196ef3e98973b30cf8c57abad81c1',6,1,'Personal Access Token','[]',0,'2020-01-18 12:18:35','2020-01-18 12:18:35','2020-01-18 22:18:34'),('65f7bc1b8a04ad4bf84889acfa3541ff774e420d5091f4cb9d06de6e94eba8894e8941da2826aa85',2,1,'Personal Access Token','[]',0,'2019-12-30 18:52:02','2019-12-30 18:52:02','2019-12-31 04:52:02'),('671a9118046d85ee8f6d3ba83e5838abff9577ee2a1573c5fd06378114bfc7a25e91ce4772874b60',6,1,'Personal Access Token','[]',0,'2019-11-06 20:23:50','2019-11-06 20:23:50','2019-11-07 06:23:50'),('6800ef5337a155c2fe7b4a4313c41a5e3090d10e9139feed6fb70640bbec2d42e12a0c89b80ca258',2,1,'Personal Access Token','[]',0,'2019-11-05 17:27:53','2019-11-05 17:27:53','2019-11-06 03:27:53'),('6816ad7344a2efe3d2b9d8dd9703ae33f60e0fcdeca3f2e6672665f91c831f7c3e1d7d618ceb632e',6,1,'Personal Access Token','[]',0,'2020-01-19 16:05:33','2020-01-19 16:05:33','2020-01-20 02:05:33'),('681c7c6dcc87830e5bdd73cf3f8b51389de6249a0e589cab98fa748d3a0a11c2725ad4c78994359a',2,1,'Personal Access Token','[]',0,'2019-12-16 09:41:53','2019-12-16 09:41:53','2019-12-16 19:41:53'),('68546c036ea6bcb19b0088e371f903f07b419de14a3b248601543e81f350224a058b419d8495877f',6,1,'Personal Access Token','[]',0,'2020-01-19 16:03:39','2020-01-19 16:03:39','2020-01-20 02:03:39'),('68609eb0f281d205a8c948bab59108e1db7ea2192143e1efa21fd3f6f4164a23abad37dae22c9820',1,1,'Personal Access Token','[]',0,'2020-01-11 09:47:25','2020-01-11 09:47:25','2020-01-11 19:47:25'),('686a23fdf9daa726ea8f5e7654e0eec68210409fab899fe54bedf41ac66b10979a75425a7c849cb1',6,1,'Personal Access Token','[]',0,'2020-01-24 09:01:32','2020-01-24 09:01:32','2020-01-24 19:01:32'),('68b9a0117be6330ba04c32239023c4625d85c4c57990b1b8ad08e05569da1658d40faf8481c585f8',1,1,'Personal Access Token','[]',0,'2019-11-07 15:58:30','2019-11-07 15:58:30','2019-11-08 01:58:30'),('68d5894687c61a7d3272a08a0c705c0e37ace22d7567c863b670b28a66c6c8b031ecbf44ae1ca725',2,1,'Personal Access Token','[]',0,'2019-11-18 07:16:14','2019-11-18 07:16:14','2019-11-18 17:16:14'),('6937ae56b545d6539b2e9aa7b7c847bbfdbfe96c1b2d3095d91840d7d50450e4ef8fc83fb217cbc7',1,1,'Personal Access Token','[]',0,'2019-11-16 08:00:40','2019-11-16 08:00:40','2019-11-16 18:00:40'),('693d2ad2103147ba5ec00f32d619bcdfae6b18240eb8c38923b520ad4d8a90e61871a77cbfccb7be',1,1,'Personal Access Token','[]',0,'2019-12-06 08:06:22','2019-12-06 08:06:22','2019-12-06 18:06:22'),('69b656efb1efca9e3a92ea2080466a909c1dc093a73a0bff07e640a254a302da134a6a2bb59adf4c',1,1,'Personal Access Token','[]',0,'2019-11-28 12:24:31','2019-11-28 12:24:31','2019-11-28 22:24:31'),('69ea036f0cfe05e1899cc3d95a30a9b1755e656e7ff729744551b5f12966de4d539fed509ea770ed',6,1,'Personal Access Token','[]',0,'2020-01-18 12:29:42','2020-01-18 12:29:42','2020-01-18 22:29:42'),('6a034b6112015b8855d1b6218b6c0ca821dd7fa360882374ed14b3c3f6cad901e1ba205c9a15a876',1,1,'Personal Access Token','[]',0,'2020-01-15 09:03:44','2020-01-15 09:03:44','2020-01-15 19:03:44'),('6af861a06cf5795cd5b499251d625572a744c56f1c4a9b40cddc066f83766315ab76896d1f111a72',2,1,'Personal Access Token','[]',0,'2019-12-11 10:24:14','2019-12-11 10:24:14','2019-12-11 20:24:14'),('6b4ed4298c8883630e07f4d8d18eb154722c02258b2af9eaf9eafdbb39c4e455d8a8ce7e42d045db',6,1,'Personal Access Token','[]',0,'2019-12-09 19:17:55','2019-12-09 19:17:55','2019-12-10 05:17:55'),('6b9bd9d608298b3c97ff2c170015b9921da2ed975d026d41c03cf78c3a0e3af0064ef5fbce2e631b',1,1,'Personal Access Token','[]',0,'2019-12-13 07:43:25','2019-12-13 07:43:25','2019-12-13 17:43:25'),('6ba04fa86b69f2cae38396fad4617ccc4f89e24550b009d8419cc6118dfafe07c11df79dbe1951a8',6,1,'Personal Access Token','[]',0,'2020-01-19 16:04:50','2020-01-19 16:04:50','2020-01-20 02:04:50'),('6bac1d87eda3bfefb0f36569eb27d0be98ed9579a251cf7a5a1359308907d8b38fbe103712682ec7',2,1,'Personal Access Token','[]',0,'2019-11-06 20:21:32','2019-11-06 20:21:32','2019-11-07 06:21:32'),('6c6da44068d05127c86bffc31fa3954e05efd9dccc8756443d7aee091ccda365d92f201a1be79bb0',1,1,'Personal Access Token','[]',0,'2020-01-09 12:16:24','2020-01-09 12:16:24','2020-01-09 22:16:24'),('6c93c4d93c988102628c7c6445b7b7327063d37f45da1a5435452b35e064e0c9f68a71015d71212b',2,1,'Personal Access Token','[]',0,'2019-10-30 14:45:12','2019-10-30 14:45:12','2019-10-31 00:45:12'),('6d4d95421982ee35f96c12315a01857c0ec3a3ae5d482dcc2af43743123dd0e9841ecc74fda2f9a3',1,1,'Personal Access Token','[]',0,'2019-11-22 10:41:08','2019-11-22 10:41:08','2019-11-22 20:41:08'),('6d50dd48c8faa966c54868595fe1df37bfeea0212383008c3030d95e7f450fcb2c65ede55fa0cb75',1,1,'Personal Access Token','[]',0,'2019-12-02 08:37:28','2019-12-02 08:37:28','2019-12-02 18:37:28'),('6e5ec518b96e3536c3043f45deaceb8c3907c879dd9ff39aa15b7230a16958f95d96e75fc41c133d',2,1,'Personal Access Token','[]',0,'2019-11-29 06:59:43','2019-11-29 06:59:43','2019-11-29 16:59:42'),('6ec6d74ccdd860c8555ee8b9f2bba12ff991a09d32cca544d27ae6f1cabc2a31067b53eaa5794714',1,1,'Personal Access Token','[]',0,'2020-01-25 08:01:57','2020-01-25 08:01:57','2020-01-25 18:01:56'),('6ef72a88b821d66c67054ca81a0e67375146dad8dc1cae8422bbe939c861e46299673ca9927c1cc1',1,1,'Personal Access Token','[]',0,'2020-01-25 08:00:52','2020-01-25 08:00:52','2020-01-25 18:00:52'),('6f07bf946a156aa90be51cd8fa57b47ca10fc34c9552a5530759a3e286bfd506792dc650c6ae34d7',2,1,'Personal Access Token','[]',0,'2019-12-14 09:27:16','2019-12-14 09:27:16','2019-12-14 19:27:16'),('6f44f1424dc1648724fd6cd2bdca203e256e924c6ac8785e43f00ab07fa4a00b23d6b8b330707a3e',1,1,'Personal Access Token','[]',0,'2020-01-21 08:17:59','2020-01-21 08:17:59','2020-01-21 18:17:59'),('6f9a7f60d61995d84fcab71d1a36f3bbf4bdb7b28f602284f0da3d4965185e5edbb96424762a5095',2,1,'Personal Access Token','[]',0,'2019-11-05 18:14:43','2019-11-05 18:14:43','2019-11-06 04:14:43'),('70e745e8df9c69003023b8c7b853144962543b2530a182e6a0d18dd9004f32a1354a6b16d78ee711',2,1,'Personal Access Token','[]',0,'2019-11-15 18:23:59','2019-11-15 18:23:59','2019-11-16 04:23:59'),('714a61228e5b9802296679ced8d2bc2a7162676404971856bd0548cda61e344b5491dd9dcadae34e',2,1,'Personal Access Token','[]',0,'2019-10-29 23:36:36','2019-10-29 23:36:36','2019-10-30 09:36:36'),('71950f385712a4ca652038b2c9847ab3e78e28395b5153e4ff71e5c50fa9c106c804a60565360cee',1,1,'Personal Access Token','[]',0,'2020-01-24 10:45:16','2020-01-24 10:45:16','2020-01-24 20:45:16'),('71c45bbe4b45720162b15b005c0d9d3597f7daddec063b5523a040f4d5764ca2afa1c193abc4b87d',6,1,'Personal Access Token','[]',0,'2019-12-07 15:13:41','2019-12-07 15:13:41','2019-12-08 01:13:40'),('71c5597661f97e0ad03fd768d883117c2b402597cce4e851656bf1ce77a463d4fed1e43f278d33e7',1,1,'Personal Access Token','[]',0,'2019-12-28 10:28:30','2019-12-28 10:28:30','2019-12-28 20:28:30'),('72a4c4eaf7ce39b8e15a1e99b274890a2ed21ce3d72d670d45ec98197cf02c87005a5334e0114194',1,1,'Personal Access Token','[]',0,'2019-12-12 08:14:30','2019-12-12 08:14:30','2019-12-12 18:14:29'),('72cbdc1a11c44bce68662ecebcdebdf002b389449985ada2bc00bfa62a9aaabf017513e0531514df',1,1,'Personal Access Token','[]',0,'2019-11-23 09:20:54','2019-11-23 09:20:54','2019-11-23 19:20:54'),('72dbed71ee5e09931a3265536bb5b3abacf2fd19ba7f975935c29f3e206ccd3aa6339292756f6588',6,1,'Personal Access Token','[]',0,'2020-01-21 14:16:39','2020-01-21 14:16:39','2020-01-22 00:16:39'),('73985b2b876536e90a9e03f60f6ded328d698829f043317635b93bc26a3f379a6552e4d37dfb2386',6,1,'Personal Access Token','[]',0,'2019-12-04 07:48:23','2019-12-04 07:48:23','2019-12-04 17:48:22'),('74112c80b1ac2e4e49eea9a8b5433514833ce7a24af923b6a7e536a1a544de604c77c3480ba07257',1,1,'Personal Access Token','[]',0,'2020-01-13 07:47:52','2020-01-13 07:47:52','2020-01-13 17:47:51'),('75a4de7075a617f2c7491b7789b497bd74ae25277e79360caa567ae7e1095dad37640c523f32e56a',2,1,'Personal Access Token','[]',0,'2019-11-29 07:31:38','2019-11-29 07:31:38','2019-11-29 17:31:38'),('75b6545c191375a575618ae0cd3483c04547473f943c9fac193a9e6dc8ffcad4f7318925a444f0f3',1,1,'Personal Access Token','[]',0,'2019-12-18 16:30:53','2019-12-18 16:30:53','2019-12-19 02:30:53'),('7712b1ec88aecc215da7278343b6058c58b7c2a398229c28b40ecc34629b8dc613ed897e1f9b1936',1,1,'Personal Access Token','[]',0,'2019-12-09 09:45:59','2019-12-09 09:45:59','2019-12-09 19:45:59'),('78249e95bee240fd36f48ab52190f180306e76adb9b360417dd02bf99d8bc7c12459be6743a8ec34',6,1,'Personal Access Token','[]',0,'2019-11-28 14:29:28','2019-11-28 14:29:28','2019-11-29 00:29:28'),('78ec5a17916593a0f98756ca778228a8e16166c1e41024ce216f762aa90205729aeb252ba354a38b',2,1,'Personal Access Token','[]',0,'2019-11-05 10:01:02','2019-11-05 10:01:02','2019-11-05 20:01:02'),('797106346d65a59ce564a765063c6631b8bd972cd9c21226dffe65350272c7a808723e9410cb0170',2,1,'Personal Access Token','[]',0,'2019-12-04 11:36:30','2019-12-04 11:36:30','2019-12-04 21:36:30'),('79711197538bfef6e93bc4d22309d5f824e3805ed82e17dc53fce7d4b1bd41c678ba62e9d783a865',1,1,'Personal Access Token','[]',0,'2019-11-14 13:28:15','2019-11-14 13:28:15','2019-11-14 23:28:15'),('79715442460d0686b130251b8430a5a283cad513c459a5b73ee78dd0e5e4c21dbc4281e8d163f931',6,1,'Personal Access Token','[]',0,'2019-11-28 12:34:40','2019-11-28 12:34:40','2019-11-28 22:34:40'),('79c32708ef9bd736a86ed2a6cc9e0a91c2f75d047bd468acfaba654d3c347811d05434f12596713c',2,1,'Personal Access Token','[]',0,'2019-12-19 13:52:11','2019-12-19 13:52:11','2019-12-19 23:52:11'),('7a50da9256d6013f5ca90e0c1fc777437bb3963721a90dbcc046e12c49d983e88707aab6e9034134',1,1,'Personal Access Token','[]',0,'2019-12-20 08:16:39','2019-12-20 08:16:39','2019-12-20 18:16:39'),('7a57ca2f957b08c81d28d113d1a27ef8e69a2c485307766ffffad0ef728d49b3f6701b37a8c53b3b',6,1,'Personal Access Token','[]',0,'2020-01-19 16:03:37','2020-01-19 16:03:37','2020-01-20 02:03:37'),('7b8fb396a5d1c44911f23c895bab52c2c45e9c6ef34de299fbf1f500c2f3f2e5498dd0e4c4bb03f2',2,1,'Personal Access Token','[]',0,'2020-01-18 12:32:46','2020-01-18 12:32:46','2020-01-18 22:32:46'),('7ba21d0cf44ce4aaf0b6207d93c46abd8d0fa8951caeacb02630071e594db46bfc4346e5af81c1c0',2,1,'Personal Access Token','[]',0,'2019-12-24 09:33:25','2019-12-24 09:33:25','2019-12-24 19:33:25'),('7cef01f4037d57413f93ffb488286117ce74c1c76fcfdb0ab6f37594c9301e2d3e53468c8a9a8adb',6,1,'Personal Access Token','[]',0,'2020-01-21 12:29:35','2020-01-21 12:29:35','2020-01-21 22:29:35'),('7cf705690e62238b44ee84b53461d5e266918486dc80c6658421661a146aa7a13d8bd055503c8f39',2,1,'Personal Access Token','[]',0,'2019-12-13 19:06:40','2019-12-13 19:06:40','2019-12-14 05:06:40'),('7d1ea188fcd487a214e899e7be89dd7d3abdd60aa0a4b798ca1a98dce2573fcb4536a327962bd842',2,1,'Personal Access Token','[]',0,'2020-01-18 14:58:32','2020-01-18 14:58:32','2020-01-19 00:58:32'),('7d8176de400331653fdafb5bb7c7811450655d272c24e32d8f9dba1c60a26ddc9bda67548ad084fd',2,1,'Personal Access Token','[]',0,'2019-10-30 14:26:50','2019-10-30 14:26:50','2019-10-31 00:26:50'),('7eae712d0c09a162556a92559af90a11d44d2d4336c6153ea650d0d1d9cc8ff5f501b0e5d06a2a16',2,1,'Personal Access Token','[]',0,'2019-11-05 18:11:53','2019-11-05 18:11:53','2019-11-06 04:11:53'),('7f8d246f9114864872eff0be8a2e40d06d45d736bcbdbd950ac4242275a78283fac4c73f07a92c41',2,1,'Personal Access Token','[]',0,'2019-10-29 12:44:03','2019-10-29 12:44:03','2019-10-29 22:44:03'),('7fb3f2f4dc7630419a3e863960adc34114079d5b61a7248c22ce1ed766c3df07ad63564203edfa04',1,1,'Personal Access Token','[]',0,'2019-11-27 12:40:56','2019-11-27 12:40:56','2019-11-27 22:40:56'),('7fe042c973749b82606496c2b4c14855b94cea074b01f7e911a185a0f3a528bf075df88ab193aa19',6,1,'Personal Access Token','[]',0,'2020-01-19 16:04:45','2020-01-19 16:04:45','2020-01-20 02:04:45'),('809036a51cb2f23dcdbecbc4ee59c59c63815dd0d558dad446a01329c03b16c841d5681479bdf8f1',1,1,'Personal Access Token','[]',0,'2019-12-20 08:10:38','2019-12-20 08:10:38','2019-12-20 18:10:37'),('80d037bd62f8315a3bbb4c32c671039ecd29f27a075a4b5ab610fa7942009cc8a73fcfc83a2150d6',6,1,'Personal Access Token','[]',0,'2020-01-21 12:27:58','2020-01-21 12:27:58','2020-01-21 22:27:58'),('810a9eb0aa1892ceed59b89704d2c3e35ea6309eaeaab18538e8a76e0c6679e1463e4c2bb307f3cb',2,1,'Personal Access Token','[]',0,'2020-01-24 20:02:05','2020-01-24 20:02:05','2020-01-25 06:02:04'),('81f3ced6a4fad9a788222ebafb0f50de45da81d84f24f2a82a3961c03523aa00d126602e22057a34',1,1,'Personal Access Token','[]',0,'2019-10-29 11:10:31','2019-10-29 11:10:31','2019-10-29 21:10:31'),('82540b1cd2fd6b5844f4795933cb88306885c3639414bc3d61e0c06b3049eb35e68d8781f74cc5cc',1,1,'Personal Access Token','[]',0,'2019-12-02 08:54:08','2019-12-02 08:54:08','2019-12-02 18:54:08'),('82ed19d7026e0b3c4f61e71e4054e6ba7e91524b399a2d01ab443a54bf30106fefc37912c347f8fd',1,1,'Personal Access Token','[]',0,'2019-11-08 14:27:00','2019-11-08 14:27:00','2019-11-09 00:27:00'),('833bc99dc6d4fee8c1cd1b2383c36651a4fbb95548fd19fa7c20bc19fc6a305a96f784a2efb7cccf',2,1,'Personal Access Token','[]',0,'2019-11-05 18:10:10','2019-11-05 18:10:10','2019-11-06 04:10:10'),('8361eb21facfa38bce87926a4c75b33cd31c67b2871854816ab030d3e248da0f5f2333776f468b16',1,1,'Personal Access Token','[]',0,'2019-11-26 10:43:54','2019-11-26 10:43:54','2019-11-26 20:43:53'),('83a9292f650e14df0f8918ba4dd1112477c0d67934edf7099ddac6d17e8cf5031a06d4b0775c603b',1,1,'Personal Access Token','[]',0,'2019-12-19 08:28:45','2019-12-19 08:28:45','2019-12-19 18:28:45'),('845baeaba9c7c49422853b014db5612d7f0c58210d95858f64165df2e9f31e6eea7597b579ba7a8e',1,1,'Personal Access Token','[]',0,'2019-11-16 09:57:05','2019-11-16 09:57:05','2019-11-16 19:57:04'),('85bf0a9c7b29271c9fa8f339c4162c3e1def189478bcd45d278763bcfc1d7c014e3e219eaab432f2',1,1,'Personal Access Token','[]',0,'2019-12-11 16:15:39','2019-12-11 16:15:39','2019-12-12 02:15:39'),('85d207b883c54821ac40b9a60ada4a11544cc96b6febe41a790a75c1eb66d87785fd6e680f5a43ca',1,1,'Personal Access Token','[]',0,'2019-12-16 08:02:13','2019-12-16 08:02:13','2019-12-16 18:02:13'),('86015ec652dfb5fb90a268824e7f02ed024ed0008a5b2828c160c521156f0743ab5c1747717471f5',2,1,'Personal Access Token','[]',0,'2019-12-01 15:15:14','2019-12-01 15:15:14','2019-12-02 01:15:14'),('8683722dd7a2f072c10570620e442c2ad7623653bf6b9146b506e98b3ba7ba3edc2da22cc18ea8ad',6,1,'Personal Access Token','[]',0,'2019-11-25 16:01:28','2019-11-25 16:01:28','2019-11-26 02:01:28'),('86bab9d051d7e5beeffdf0c752dc5e3ca87d58e97b04d246b062f0e033e31c7088049b63f4fbdc1e',1,1,'Personal Access Token','[]',0,'2020-01-07 17:30:36','2020-01-07 17:30:36','2020-01-08 03:30:35'),('86c43942404c49415c46529e4b253cd0414768292555668d7a29c2dca58c3c16518cda3fbc0db433',1,1,'Personal Access Token','[]',0,'2020-01-14 12:00:59','2020-01-14 12:00:59','2020-01-14 22:00:59'),('86ea152dc110fd2066242ce7bf3dc3614ca011d5948d793a75143956cbbef3bd54428e5e635677f5',1,1,'Personal Access Token','[]',0,'2019-12-27 07:56:39','2019-12-27 07:56:39','2019-12-27 17:56:39'),('8727ed6e88d7a3f62e487e091af244c7bfbb1d533b74d3a79f29df054c354f9a94e17040b458dec6',2,1,'Personal Access Token','[]',0,'2020-01-21 09:47:43','2020-01-21 09:47:43','2020-01-21 19:47:43'),('873ed9924f239dfbd07151930ff63639d83b77b9f06b1c5fad4d0d3d3ae5e01b61e6e8151d45c88e',1,1,'Personal Access Token','[]',0,'2020-01-23 10:32:57','2020-01-23 10:32:57','2020-01-23 20:32:57'),('87c43b93a0b313db04755ae272f33b4305c88ce1b7f57346a3d5e2980920ff8ddc61fdcca5a1ac1a',1,1,'Personal Access Token','[]',0,'2019-11-30 09:18:49','2019-11-30 09:18:49','2019-11-30 19:18:49'),('87d22ebd20cba746abcc09713cc8ad12a61328af7a3c074bc521b84bd43df5edf2b4a5112883a586',6,1,'Personal Access Token','[]',0,'2019-11-26 07:55:47','2019-11-26 07:55:47','2019-11-26 17:55:47'),('8843642673aae9ff9f2dabac802aa65a517c8e8de29e8d7096394e420000db94a1880057079dd2d1',1,1,'Personal Access Token','[]',0,'2019-12-11 09:12:14','2019-12-11 09:12:14','2019-12-11 19:12:14'),('8882bd9e277400a38bc90bcb5bca9aac73bf50d140613d93ed23acec8e5428a4d9e95799d00efd93',6,1,'Personal Access Token','[]',0,'2020-01-19 15:58:14','2020-01-19 15:58:14','2020-01-20 01:58:13'),('888496982545fef4e4d7501ead3d56efc448ffa1b11027802cf9e4c4d16bc38717f95c1d9f80598a',2,1,'Personal Access Token','[]',0,'2019-11-06 20:13:54','2019-11-06 20:13:54','2019-11-07 06:13:54'),('88d2e7e6bda1998feb39edd05867f5d23163f75140ac64ff17e50da9001a95b4a8d515c90e824d56',1,1,'Personal Access Token','[]',0,'2020-01-14 11:55:40','2020-01-14 11:55:40','2020-01-14 21:55:38'),('898ffe60d15e6f303dc9ee24203998fca18ee821cb9c026f5504f906e58a36a0dc55026e66acb4fe',1,1,'Personal Access Token','[]',0,'2019-11-18 16:08:38','2019-11-18 16:08:38','2019-11-19 02:08:38'),('8a7b4f9c01214f648bb80e22ae5f2447f6bcdb04f77013b84ba7917f7093fc49b1e53c42f15b791e',6,1,'Personal Access Token','[]',0,'2019-11-06 20:24:02','2019-11-06 20:24:02','2019-11-07 06:24:02'),('8abbf7063282f99e5082c5ad01a3129b9916db7e5529241e62c279b46e97a88f61aa2a05a33ed215',2,1,'Personal Access Token','[]',0,'2019-11-27 07:46:16','2019-11-27 07:46:16','2019-11-27 17:46:16'),('8b3767c8afef47e42446f92fd7c01d40293bf830e51537f04026d497fa310073c2d3c869a424662e',1,1,'Personal Access Token','[]',0,'2019-11-18 09:17:59','2019-11-18 09:17:59','2019-11-18 19:17:59'),('8c319a461a176eaec5775cc4fb8cadad4cdf50fed128992628e8a27be7addbf40a208ddae384c4ef',2,1,'Personal Access Token','[]',0,'2019-10-30 14:26:53','2019-10-30 14:26:53','2019-10-31 00:26:53'),('8c3f0f85534b6faf46a3b794afd4ef779775abe2020db9e6183c58921e6a78a3e9bfef05014597ed',6,1,'Personal Access Token','[]',0,'2019-11-06 20:05:59','2019-11-06 20:05:59','2019-11-07 06:05:59'),('8c6e176f01ae62f9707cd5bc52c0122c9d9f27b445cd8a1a1846d304e7cd74f987cad3191416a5e3',6,1,'Personal Access Token','[]',0,'2019-11-24 19:53:53','2019-11-24 19:53:53','2019-11-25 05:53:53'),('8c97c681706facd7497ede80689844fdcaa73e21ed90effe5fdb013e2bf64ee55582a53ff105b75f',2,1,'Personal Access Token','[]',0,'2019-11-07 07:35:20','2019-11-07 07:35:20','2019-11-07 17:35:20'),('8cc69aaf406271f37c0f1e69cad15d57936d61c8f1893d7f1848cd4dd0cf54bf72862dfe7c092ade',1,1,'Personal Access Token','[]',0,'2019-11-28 12:49:01','2019-11-28 12:49:01','2019-11-28 22:49:01'),('8cd0c77bcb0af4808960954bd29ecf5b0ad2cc9bd34491a7709235c60b6de0552063d380e9132ba3',6,1,'Personal Access Token','[]',0,'2020-01-19 16:02:12','2020-01-19 16:02:12','2020-01-20 02:02:12'),('8cd7028d9201195f05de6b09a1405e5d8d09e4463ab1154a9d4a4e3a578bff9f8c8260254d6071eb',2,1,'Personal Access Token','[]',0,'2019-11-04 21:10:47','2019-11-04 21:10:47','2019-11-05 07:10:47'),('8cf612300da428e7f4dc9847d8817dca4f115cc53aafec32f7a5daad274887e8d1d3d76f73d4babf',1,1,'Personal Access Token','[]',0,'2019-12-28 08:14:44','2019-12-28 08:14:44','2019-12-28 18:14:44'),('8d3077c2860ea45f0edd0b660d29a4e655b6148fd8943116b29d8ae98c1c2ed0be08569c28148b45',1,1,'Personal Access Token','[]',0,'2020-01-03 13:22:49','2020-01-03 13:22:49','2020-01-03 23:22:49'),('8d41205feedcef3affb3345114d0056b5be224a8cf7f5c63d88ff1210e4ba4b589ade514ed6f41ab',6,1,'Personal Access Token','[]',0,'2020-01-19 16:03:23','2020-01-19 16:03:23','2020-01-20 02:03:23'),('8dc3defb341feb88a844908a47352ea77efbd3d862f37d5c5a1179368292b9ab183b41147b945458',6,1,'Personal Access Token','[]',0,'2019-12-10 14:53:39','2019-12-10 14:53:39','2019-12-11 00:53:39'),('8ddef43488ad5d99cd23da39375c341fd7979fe81c1e2c51bbd5a8effb9bde2f0e2aed0046ddd7c2',2,1,'Personal Access Token','[]',0,'2020-01-18 17:07:30','2020-01-18 17:07:30','2020-01-19 03:07:30'),('8e10a825d355d30f5809c82a6810ec4f2cf95b641ffd15b357287971787032c0f46ed0b1f6887f1b',1,1,'Personal Access Token','[]',0,'2020-01-15 17:59:31','2020-01-15 17:59:31','2020-01-16 03:59:30'),('8e5413001d3df7727948d2d64d7730858dd5c2469911fe5dde83d3b3a3ba11d0ba4a9b0fb669d8fb',6,1,'Personal Access Token','[]',0,'2019-11-10 10:44:29','2019-11-10 10:44:29','2019-11-10 20:44:29'),('8ea2d24a56318257d9a7df651c6f771705bba71f64b0490dab13774b5d971ba3352c14a80f612da2',6,1,'Personal Access Token','[]',0,'2019-11-06 20:26:13','2019-11-06 20:26:13','2019-11-07 06:26:13'),('8f4276eb444801da46014551a65f364e97c6750a62f9480f1a995b25458481d9542912515a943c16',2,1,'Personal Access Token','[]',0,'2020-01-13 18:55:34','2020-01-13 18:55:34','2020-01-14 04:55:33'),('8f5874daba2c30d8f8a9369c0120ebe0191f89b56cfdb1e39a713f18c0d0dbc554544606e15bc3e4',1,1,'Personal Access Token','[]',0,'2019-11-06 13:35:27','2019-11-06 13:35:27','2019-11-06 23:35:27'),('8fa54f32c269f5f4b737f5cc1a9075c07f78acd760c0ba8c437cb53065830bd86a08eab8fbe79aff',2,1,'Personal Access Token','[]',0,'2020-01-21 09:47:25','2020-01-21 09:47:25','2020-01-21 19:47:25'),('8fcc50487261f57341fbe822cac271a1fe43ebcf6d36ea608351b3cae50ccd2265a6166f2d7e1750',6,1,'Personal Access Token','[]',0,'2020-01-18 12:15:22','2020-01-18 12:15:22','2020-01-18 22:15:22'),('900fca451510b8b46e5b3f2842a8dd7857e2591fa468fd634dc7d1de94ce9facb467704a1c6af432',6,1,'Personal Access Token','[]',0,'2019-11-25 16:02:33','2019-11-25 16:02:33','2019-11-26 02:02:33'),('90d5b5a7a64c36a16b01ecb9cc031b392e347d27e43848b2d4d58119a1106c8c0883ebc23eb000c5',1,1,'Personal Access Token','[]',0,'2019-12-10 17:23:14','2019-12-10 17:23:14','2019-12-11 03:23:14'),('91324e3cd55bd5c7d682291e39835e6d31764595c8292ae19cebf8972fc8000bbe6e3eba5028db74',6,1,'Personal Access Token','[]',0,'2020-01-19 07:47:33','2020-01-19 07:47:33','2020-01-19 17:47:33'),('91366c0421f8717c5979d4524792e38eb4ab2d36fd07236f5deccc99a37748f29da6bd56aaeadf0c',1,1,'Personal Access Token','[]',0,'2019-11-12 11:35:53','2019-11-12 11:35:53','2019-11-12 21:35:53'),('92013499d74d121e4ee25e062c554fa51b5133794877e22ab187ff9e783454b012136625e60c3927',2,1,'Personal Access Token','[]',0,'2020-01-23 12:12:18','2020-01-23 12:12:18','2020-01-23 22:12:17'),('929be5ec4bfa40da82c06449b8b48239d7474b66a9954ee71d55dc9376d4903cc234e9f75942b6e7',1,1,'Personal Access Token','[]',0,'2019-12-07 14:30:12','2019-12-07 14:30:12','2019-12-08 00:30:12'),('937647a26f757f54f183784d69dbbe3527f66cb74127b999fb67ad79252751f2d6809c7c1528ea5c',1,1,'Personal Access Token','[]',0,'2019-10-29 11:31:41','2019-10-29 11:31:41','2019-10-29 21:31:41'),('93c6dd01dc39c44ffe09e5fc77ed7287a169d116ac40e1caeedb9e006f9d6ef7bdd8b7c5704c2dcb',2,1,'Personal Access Token','[]',0,'2019-12-28 21:45:20','2019-12-28 21:45:20','2019-12-29 07:45:20'),('9406f8cb87d02450637ed6133dba3062854282a0c1c6bb24dd1a30b3b030dca97999093887933f53',1,1,'Personal Access Token','[]',0,'2019-12-18 17:44:05','2019-12-18 17:44:05','2019-12-19 03:44:05'),('943179f15ff7bd8edd4e12448b0e34ecb17eab74d158aa798716fd5630fe1c114113de5ec88b4012',2,1,'Personal Access Token','[]',0,'2019-12-12 07:22:19','2019-12-12 07:22:19','2019-12-12 17:22:19'),('945cebf430966474de01c4eef8c01f5bb9c6ec04c682f988b9e8a295442676f328c81bff3317e830',1,1,'Personal Access Token','[]',0,'2019-12-24 08:05:43','2019-12-24 08:05:43','2019-12-24 18:05:43'),('947207191359348ef536aa902f8b2d53399637e0aaa358000ea7997c123bf864ef410f0eb11b01a4',6,1,'Personal Access Token','[]',0,'2019-11-25 16:00:46','2019-11-25 16:00:46','2019-11-26 02:00:46'),('94b88b3591cf3b2969f4334ed51d194f5dfa1a226e128c4a36c08ac6ce71623f25e3a95df25d6cd4',1,1,'Personal Access Token','[]',0,'2019-11-21 08:30:11','2019-11-21 08:30:11','2019-11-21 18:30:11'),('9532cae4b88b5fb13652712eedf5d4b959692972b1bf069080c6e06341d28b5bd0349f6ddadcb719',2,1,'Personal Access Token','[]',0,'2020-01-24 08:49:53','2020-01-24 08:49:53','2020-01-24 18:49:53'),('96488ea8add988491d45d39ed27c806500ac8187577d4b3654647904ea7a070fe1c6f7aae7f5bd55',6,1,'Personal Access Token','[]',0,'2019-11-06 20:14:53','2019-11-06 20:14:53','2019-11-07 06:14:53'),('96d94a5bcc7996ffc300abf411e45d3e4380ffdad07fea1c4940aeaff051399df4266abce68c7c85',1,1,'Personal Access Token','[]',0,'2019-12-30 08:21:32','2019-12-30 08:21:32','2019-12-30 18:21:31'),('96e40e3fc525528cdc7b987f04353ef3f9b4d40c664831e39d72083a1e0df355746d3ed6625d9b1d',2,1,'Personal Access Token','[]',0,'2019-12-07 08:46:13','2019-12-07 08:46:13','2019-12-07 18:46:13'),('977f6aae065ccc5431277e9818ca2bd8e60affdb115145fd79040c6d2eaf7db03cb1e09cec97d7fa',6,1,'Personal Access Token','[]',0,'2019-11-10 10:44:07','2019-11-10 10:44:07','2019-11-10 20:44:07'),('978e94c7573eed926e386bbe90704020a735770c47d948aa8d61721d96cd7c7651426a2a2dfa547f',6,1,'Personal Access Token','[]',0,'2020-01-21 14:32:49','2020-01-21 14:32:49','2020-01-22 00:32:49'),('97d7af34d9785c399041afa3d77ab255eb4f132e316326895766b89a2c3431bb549afc03f1bc3c7d',2,1,'Personal Access Token','[]',0,'2020-01-24 08:59:01','2020-01-24 08:59:01','2020-01-24 18:59:01'),('98020f377796d8b6d383b6d6c669b1a5f0bb735d4713b68cbc1e8a43bcf45c87210dbc23148ea9bd',1,1,'Personal Access Token','[]',0,'2019-12-10 07:58:51','2019-12-10 07:58:51','2019-12-10 17:58:51'),('9808e30bc20a0112792e30ddf27f3352be2f94873053180a7ba084474d3e2a372d6b0530e4a975af',1,1,'Personal Access Token','[]',0,'2020-01-21 11:19:42','2020-01-21 11:19:42','2020-01-21 21:19:42'),('982440c20e1b9bc2d4958554f777ea70c1a41c180faa7745d26b16edc5111020cb7918d7c353c6ed',1,1,'Personal Access Token','[]',0,'2019-11-16 13:14:40','2019-11-16 13:14:40','2019-11-16 23:14:40'),('98734337be778db61ac7bb9336ea4fd874e1cf59b6b2383e6dd5a1f4784a16bee3e0d78b3f21ea22',1,1,'Personal Access Token','[]',0,'2019-12-27 09:44:30','2019-12-27 09:44:30','2019-12-27 19:44:30'),('988c9332a3ec9bed4741d7fa5e10ba2a4f70a8f8e23377cb10790b0b648f12e9d32c90e7cb919d4d',6,1,'Personal Access Token','[]',0,'2020-01-19 16:03:20','2020-01-19 16:03:20','2020-01-20 02:03:19'),('9a0d863628d834a897d5fad7ca29e5dbe8f4b255fdf9304a79b5dca73a962dc1d57bb530dac35be6',1,1,'Personal Access Token','[]',0,'2019-12-06 08:41:39','2019-12-06 08:41:39','2019-12-06 18:41:39'),('9a5f8df633132a09b305f3c25c01deb3ca85cf0f495d817a707d22615018d53588c7fad561aea909',1,1,'Personal Access Token','[]',0,'2019-11-19 17:04:37','2019-11-19 17:04:37','2019-11-20 03:04:37'),('9accd53064ad5b2048146842930e665557ff214ce27594497ed88e7377f3101ca96d4cc92966aa2c',2,1,'Personal Access Token','[]',0,'2019-11-06 20:13:46','2019-11-06 20:13:46','2019-11-07 06:13:46'),('9b70b53762d4d57a46069f8234fce9127d0e155ae05d5140eae6103a3e85db27ba93277db269222f',1,1,'Personal Access Token','[]',0,'2019-10-30 10:03:51','2019-10-30 10:03:51','2019-10-30 20:03:51'),('9c55544607d697b1e820d9653d6a7a0b2751c0ec27f6c512afe35b1f8eb705913715c482ea6cc319',1,1,'Personal Access Token','[]',0,'2020-01-08 09:43:21','2020-01-08 09:43:21','2020-01-08 19:43:21'),('9f2fb4c97ed8d3742be78a1fad2d8cae24d63a460c70da5d7353843c30eb25b9e353d97523bcf7a5',1,1,'Personal Access Token','[]',0,'2019-12-27 14:14:55','2019-12-27 14:14:55','2019-12-28 00:14:55'),('9f5df3bfb64efef254cb056a3c55ff41c064128dee7198bd38e29dfac8902333c110d37ff5da2903',1,1,'Personal Access Token','[]',0,'2019-12-09 08:37:56','2019-12-09 08:37:56','2019-12-09 18:37:55'),('a00aee5be0930776815fbe06f5931665f3dd919935221112d8305cdc8e3ed6414b371419ce056dab',2,1,'Personal Access Token','[]',0,'2019-11-16 08:24:25','2019-11-16 08:24:25','2019-11-16 18:24:25'),('a051c5b0164ca001d7be213934c04be9fe59edd2f29763e0dac65d1d55f2a543ae97aa21dbcb48f9',1,1,'Personal Access Token','[]',0,'2019-12-10 14:57:14','2019-12-10 14:57:14','2019-12-11 00:57:14'),('a167180f9b4ae23bb17c3619980dac02d15dad86602d5a1257836bda2721132dd817b6c838ee3292',2,1,'Personal Access Token','[]',0,'2020-01-12 15:33:07','2020-01-12 15:33:07','2020-01-13 01:33:07'),('a16d757e3e3a5664ec4acf361a0a512c2038320a9ef37d402d75117eee5f16dab786de9ef27c0211',1,1,'Personal Access Token','[]',0,'2019-12-18 08:16:30','2019-12-18 08:16:30','2019-12-18 18:16:29'),('a1aaf9285e97917cb54425ab251178c9f3377a2ec152069dbf2ee78c9a5e7e86656cfcc4bd887bbd',6,1,'Personal Access Token','[]',0,'2020-01-21 12:31:47','2020-01-21 12:31:47','2020-01-21 22:31:47'),('a1c9387112e6ce65ef09d255f5097599555a05891fce0f052ad96af8be815084cfef6093cfec3390',1,1,'Personal Access Token','[]',0,'2020-01-14 11:55:40','2020-01-14 11:55:40','2020-01-14 21:55:39'),('a1d8c56ad5fc0fbf5e4a4f9d08cbd2de22b9fc7da0d0c72698277af582179be3ee8890638cfa6227',6,1,'Personal Access Token','[]',0,'2020-01-19 16:04:44','2020-01-19 16:04:44','2020-01-20 02:04:44'),('a20784ffbf5ec839432767a0039a0c54d75c1aff03970e28d8cde2ce49c98dae0d9dd4e69134aec2',1,1,'Personal Access Token','[]',0,'2019-11-13 11:42:31','2019-11-13 11:42:31','2019-11-13 21:42:31'),('a21011d1c558dea8baa64bc99b8003d54d58dc0a92cabee2f30b09ab3fecc8237686690596bddf4f',1,1,'Personal Access Token','[]',0,'2019-11-21 12:05:36','2019-11-21 12:05:36','2019-11-21 22:05:36'),('a3572815b8ddf54c54baa9937b2a88309cdc2e750af0cea6e6bf9e54bf14e48b5240b8426a1d28c7',6,1,'Personal Access Token','[]',0,'2019-11-21 18:39:04','2019-11-21 18:39:04','2019-11-22 04:39:04'),('a39075a619c9d0ed8e2c94298c85f3699b41494da87cd2c5a1f4dc26ac40128ad50e627b6c52439b',6,1,'Personal Access Token','[]',0,'2020-01-19 16:03:22','2020-01-19 16:03:22','2020-01-20 02:03:22'),('a3df465bc12ffe6a402036d250e1994a57613ca776c4ad1cd08644e467faeef1fa11ade89af0acde',1,1,'Personal Access Token','[]',0,'2019-11-02 13:42:22','2019-11-02 13:42:22','2019-11-02 23:42:22'),('a440aa395812b032b26644ead021c60a3c09d40dc70e6f373140d2952002c8baa4ef286746f6895e',1,1,'Personal Access Token','[]',0,'2020-01-21 14:42:35','2020-01-21 14:42:35','2020-01-22 00:42:35'),('a468f5c42f3e4ae39dd4c9db4fe3e9ec09ef3861a1cffed61b46d5a2cc625769a9c4f0dfa63d0f3c',2,1,'Personal Access Token','[]',0,'2019-12-27 21:06:33','2019-12-27 21:06:33','2019-12-28 07:06:33'),('a50da5fb9e50937853df8b3ce5ef4b7a630e109ede538ac5b81775ab9e98dcad13e06e921e62e412',1,1,'Personal Access Token','[]',0,'2020-01-21 08:07:48','2020-01-21 08:07:48','2020-01-21 18:07:48'),('a53ad129ca8ef9060181bbd5e7964724ed71b1e17811c3f4f0071e430fc3dd4b262e3c75c49aef31',2,1,'Personal Access Token','[]',0,'2020-01-19 15:28:24','2020-01-19 15:28:24','2020-01-20 01:28:24'),('a63341fb83802d7332ef6676b02095e4768530039133dded393de0d0cfdf2724fdbc219e2449b437',2,1,'Personal Access Token','[]',0,'2019-12-07 16:21:08','2019-12-07 16:21:08','2019-12-08 02:21:08'),('a654db894b644d771183d0e7d9062361a19874368da0324475ae4ae6f6c2024e8afb2a167424fb9e',1,1,'Personal Access Token','[]',0,'2020-01-14 09:24:57','2020-01-14 09:24:57','2020-01-14 19:24:56'),('a6b5830a80dda877b57939dd488b412a85a1aa14fafe491c9496e1d5d95161e5efee3d663d01201c',2,1,'Personal Access Token','[]',0,'2020-01-18 12:23:38','2020-01-18 12:23:38','2020-01-18 22:23:38'),('a6c651eac8880f90034c63c91b73e34155bfd5581a26b72f053bde7817d9af863c64b9ce3c9c8831',1,1,'Personal Access Token','[]',0,'2019-12-04 13:18:47','2019-12-04 13:18:47','2019-12-04 23:18:47'),('a7e8d8e1eaeaa0bf29dc3806287be8d19acc34e9a368203d089272230200b8b3a1c28fdfb949b04d',1,1,'Personal Access Token','[]',0,'2019-12-06 09:17:45','2019-12-06 09:17:45','2019-12-06 19:17:45'),('a8083379df99b096ed00c4137afc8041535ad9ff07a7ebd868453613d46fbc9d13af9ea7d6f119a2',6,1,'Personal Access Token','[]',0,'2019-11-10 10:44:07','2019-11-10 10:44:07','2019-11-10 20:44:07'),('a887e4d37a729c8c256a5a1ab759403dcae7bd10eb4e86a7da6bd0a2cf44dd9d9c98e545a8de343e',6,1,'Personal Access Token','[]',0,'2019-11-06 20:14:07','2019-11-06 20:14:07','2019-11-07 06:14:07'),('a8d163c384d026c5d451f541745d3e080aa7f8e68c8e0a5293f4bebe7720561589d35fcbec44d9a8',1,1,'Personal Access Token','[]',0,'2019-11-05 15:48:08','2019-11-05 15:48:08','2019-11-06 01:48:08'),('a9e866f7a39e1345cf1f73484dd093d1f4bee05485b61d2352e401bfb8a30ccb42f0c07201476106',1,1,'Personal Access Token','[]',0,'2019-11-08 08:11:23','2019-11-08 08:11:23','2019-11-08 18:11:23'),('aa12015e67e5fe8cc1f35da7ef50a5ce87a520bf6a78d5537b30994c288d71d9ed38fbcb0a033a54',1,1,'Personal Access Token','[]',0,'2019-11-21 08:11:04','2019-11-21 08:11:04','2019-11-21 18:11:03'),('aa38e828266ece4316e6565f3dfbf8bce5aef10a8dfcc9630429440bc96ae8ea11e0c5c601f1ba98',1,1,'Personal Access Token','[]',0,'2019-10-29 11:22:00','2019-10-29 11:22:00','2019-10-29 21:22:00'),('aaa962239f9d125910c1bdec46b2c0978ea9eb90b4953dbb71f84276dc4b3b43891b1055794a6a16',2,1,'Personal Access Token','[]',0,'2019-12-03 20:03:24','2019-12-03 20:03:24','2019-12-04 06:03:24'),('abeccf30a28c70f89a7ee936b011a78b0d72d1549786865535cc23e2b0b372f21dd04dbdbe37e3b1',1,1,'Personal Access Token','[]',0,'2019-12-16 09:34:08','2019-12-16 09:34:08','2019-12-16 19:34:08'),('ace6121b21f59a201a6d607ba8f8186cd92a7ef7479c7844f2addaed140bb5925769698393248065',1,1,'Personal Access Token','[]',0,'2020-01-08 08:24:18','2020-01-08 08:24:18','2020-01-08 18:24:18'),('ad1699132cac85208c88d458099623739e61fb8de1a5645e226c0b108efc496cf24e2f5890d15cf9',1,1,'Personal Access Token','[]',0,'2019-12-13 08:21:06','2019-12-13 08:21:06','2019-12-13 18:21:05'),('adc7f6dc1dfae2892a543d7ceaccb4b1faf551da2c4db21fa2e1db16cc2b995dd332fa4bb3db4f3e',6,1,'Personal Access Token','[]',0,'2019-12-10 14:53:41','2019-12-10 14:53:41','2019-12-11 00:53:41'),('af3358a1bd805e93bc687739ac664ed2a03bab9addde1748e11ab7bd2e0b4e63c4c3fdbf58a99b49',6,1,'Personal Access Token','[]',0,'2020-01-19 16:05:35','2020-01-19 16:05:35','2020-01-20 02:05:35'),('af7b04d51d8fa6faa7982b2b971bae2baa852744182aa32eee179da64d25fd6d3865ba3aaa7eb815',6,1,'Personal Access Token','[]',0,'2019-11-12 06:01:21','2019-11-12 06:01:21','2019-11-12 16:01:21'),('afc12b3df5658594a516678fa57df1e5bdeaa98a74ba05031a280c557aa3793a82979e17f5fe8b8f',2,1,'Personal Access Token','[]',0,'2020-01-12 11:46:04','2020-01-12 11:46:04','2020-01-12 21:46:04'),('b0969aaaf362f44799115da1eb0fcbec6a7080d71136a79ebecd16cb6b4a226cf99e1042cfcef713',1,1,'Personal Access Token','[]',0,'2019-12-31 07:42:03','2019-12-31 07:42:03','2019-12-31 17:42:03'),('b183d6c9c15376b722e2e2cff2ddb266a3f77bca66ae0c46bf0691317d32ea4c0020d4aaede9d11a',1,1,'Personal Access Token','[]',0,'2019-12-04 17:32:48','2019-12-04 17:32:48','2019-12-05 03:32:48'),('b1a75a5e10a5785bbacfdefe07606267e77f2febad141175752aebec7d9141359618f9c281c76fe0',1,1,'Personal Access Token','[]',0,'2019-11-25 08:20:40','2019-11-25 08:20:40','2019-11-25 18:20:40'),('b2ddb6c44d61c46ce407020412fd0c582a29ce0ab6e39fa30255e695d9453c55ddb5b23c1d0e89ad',1,1,'Personal Access Token','[]',0,'2020-01-07 14:59:04','2020-01-07 14:59:04','2020-01-08 00:59:03'),('b2e825193332bfa02f2e1bb6a1f757bf1fcf5cea2a8758dd573d6f95305c38df1eda008fa9286c10',1,1,'Personal Access Token','[]',0,'2019-12-07 08:00:43','2019-12-07 08:00:43','2019-12-07 18:00:43'),('b3484025a9112ceb0f0be7506ef99a23638443eb81d0fd8db924026a2b88b1a3c49e632f0a17773a',1,1,'Personal Access Token','[]',0,'2019-12-06 08:03:58','2019-12-06 08:03:58','2019-12-06 18:03:58'),('b351cc21474901c2cfcfa34600024b02132362979e4a86ee7c178ae8584286afb655b206924aab55',6,1,'Personal Access Token','[]',0,'2020-01-21 12:30:31','2020-01-21 12:30:31','2020-01-21 22:30:31'),('b36cc18bd78909ccddb4a52aff8e3cefbcc5e151785db1cb348ff95732956f34f284a5b067638b09',1,1,'Personal Access Token','[]',0,'2019-12-14 07:53:19','2019-12-14 07:53:19','2019-12-14 17:53:19'),('b38df2a3fdbb677dba73d8f1d61dd0e02e7cd45bbd2cc0b65c489cda41283590423ee474c2ac7642',2,1,'Personal Access Token','[]',0,'2019-12-26 12:11:49','2019-12-26 12:11:49','2019-12-26 22:11:48'),('b3a56a68be7ac1858e7acce2f219ea17d60e6e5da890769a69879693edfa1ea022221060829df1b0',1,1,'Personal Access Token','[]',0,'2019-11-06 20:21:55','2019-11-06 20:21:55','2019-11-07 06:21:55'),('b474a42b82e4f70cbe75070cd916d5a1507e7e3381394eb09edcefa9181a9fd1923f38e6ba3be26d',2,1,'Personal Access Token','[]',0,'2020-01-18 12:16:47','2020-01-18 12:16:47','2020-01-18 22:16:47'),('b496051f587c8aeaa5baf7c17f8009c67dd823144a559ba955edd630d9e38c8580a77ac4e92ab81a',6,1,'Personal Access Token','[]',0,'2020-01-19 16:04:53','2020-01-19 16:04:53','2020-01-20 02:04:53'),('b510d92ae3a6be0099d8b6cc5328463661827aa292bfff23bdfe2d60a50766b48bdc9844dbd6f76a',2,1,'Personal Access Token','[]',0,'2019-12-09 19:35:04','2019-12-09 19:35:04','2019-12-10 05:35:04'),('b559a8df015a5631ec6462026e361d621f3e64448cea0ffcfcb114c6c2704d583af8f879d6bbca1c',1,1,'Personal Access Token','[]',0,'2019-11-26 08:19:00','2019-11-26 08:19:00','2019-11-26 18:19:00'),('b5eeac6705dc1790ce244c21e216238e1e40636a64c43c545d8b2c7ee3b9af9ae7d3ad421a67249f',1,1,'Personal Access Token','[]',0,'2019-12-19 08:09:35','2019-12-19 08:09:35','2019-12-19 18:09:34'),('b65953c40bbdeca00952a3c2fd9cc3a8019d8bcca3cfe14a6a4dd8a96944bb8ba30f7be2333e17c0',1,1,'Personal Access Token','[]',0,'2019-11-30 09:20:31','2019-11-30 09:20:31','2019-11-30 19:20:30'),('b72d7f50555976030a5f063d66a8829800b7a855905ac33b6a88124d62cb4ce0d44a3ef2a81b71e6',6,1,'Personal Access Token','[]',0,'2019-11-10 10:44:32','2019-11-10 10:44:32','2019-11-10 20:44:32'),('b7d18a4e4fcbaec4a56dca8898d2525c484a417594e76a00ef401612f8c22888b3a441a36e919100',1,1,'Personal Access Token','[]',0,'2019-12-21 15:45:50','2019-12-21 15:45:50','2019-12-22 01:45:50'),('b7da094f3b99ee56ad48a741d0152a6610a387671e8505dc2c2310b78b606c113ef6077c725f5502',2,1,'Personal Access Token','[]',0,'2019-11-20 09:51:03','2019-11-20 09:51:03','2019-11-20 19:51:03'),('b983ef7c20a70fc77d5af723938c36e83390ab332f72c397e3913019824b47fec020c924df075625',6,1,'Personal Access Token','[]',0,'2019-11-25 16:24:19','2019-11-25 16:24:19','2019-11-26 02:24:19'),('ba14294a603680dc632b2d264b3b3c2e72acfb7715e338956c1ba9148c4ce07bbe5d21d51be6cde8',1,1,'Personal Access Token','[]',0,'2019-12-17 08:08:22','2019-12-17 08:08:22','2019-12-17 18:08:22'),('ba7236ef1150ea893088176c72f2a516f5681624d9788bc3e117314dc682ea38fc7057c31ff1aab8',2,1,'Personal Access Token','[]',0,'2019-12-02 18:04:53','2019-12-02 18:04:53','2019-12-03 04:04:53'),('baa2ef2f364f1e74ae137c1c28bee1a0a9e906f3a3149ae2c732f05ec659b5c7bb473fc1244419e1',6,1,'Personal Access Token','[]',0,'2020-01-18 12:29:27','2020-01-18 12:29:27','2020-01-18 22:29:27'),('bae37e17e67bf56d25530d48343beafa4011de4081d14b0ab6c1c094d638f25388aebc8a9add43d4',2,1,'Personal Access Token','[]',0,'2019-10-30 14:26:47','2019-10-30 14:26:47','2019-10-31 00:26:47'),('bb2cb85dc29767bfc5ae6cd683853d19666e49c476ee363008456161d9314ecdb3a9f3beca1062fe',2,1,'Personal Access Token','[]',0,'2019-11-10 08:14:21','2019-11-10 08:14:21','2019-11-10 18:14:21'),('bb2ee9ab368098ce249aae84f2071fd6cc0d3d3dbe73322000baee2316c5cc495eb13681ff77a168',2,1,'Personal Access Token','[]',0,'2019-10-31 15:46:47','2019-10-31 15:46:47','2019-11-01 01:46:47'),('bb335f3f0f2bf0284ac821cb6cb1b775e8437a8f0aa79f72b937105b5942e0c42199837bbde01c4f',1,1,'Personal Access Token','[]',0,'2019-12-12 13:13:02','2019-12-12 13:13:02','2019-12-12 23:13:02'),('bb8e627a4e642fca6e5883e4b3552f7e9654d4a9d6fa849f0192aaca5b749b24bcc860a1ffeb3332',2,1,'Personal Access Token','[]',0,'2020-01-21 14:37:43','2020-01-21 14:37:43','2020-01-22 00:37:43'),('bb950fb6de7f9d39f00561a2bbaae3435ea2499978cb073789e104188a73ddc3739fce48e40d519b',6,1,'Personal Access Token','[]',0,'2020-01-19 07:47:31','2020-01-19 07:47:31','2020-01-19 17:47:31'),('bbdfe20f0898b5caf5dba4f7a45558a080bf0f880343610107faede73d8e3dcd9102cd0709b7599a',2,1,'Personal Access Token','[]',0,'2020-01-09 16:16:57','2020-01-09 16:16:57','2020-01-10 02:16:57'),('bbf6f5261d7c33596b56a298bc3dc726f0daefd2759c58818d444bb0a80162a51fa08f06a8989234',1,1,'Personal Access Token','[]',0,'2020-01-04 09:07:49','2020-01-04 09:07:49','2020-01-04 19:07:49'),('bc935923bea4db41142f01376cc2da1402bb0743246aeced9b43fda4722d9bfe00f23cc9204fa3f9',2,1,'Personal Access Token','[]',0,'2019-11-11 21:30:00','2019-11-11 21:30:00','2019-11-12 07:30:00'),('bc9720ec85f5a445fdadee67cda1874e9b779f47334727dd63c75d490c6fd3454f38579ae3ea556a',2,1,'Personal Access Token','[]',0,'2019-12-17 18:46:15','2019-12-17 18:46:15','2019-12-18 04:46:15'),('bd1e38a46cf8905b97487871b83db73ef37e7925ad74eb4f70b9cc9a603cd67c596f36eb909e2e75',6,1,'Personal Access Token','[]',0,'2019-11-17 09:44:06','2019-11-17 09:44:06','2019-11-17 19:44:06'),('bd40e8a4c9808873adf92e8b79fdcdd230e564ef3a520d790ddd0f3be6ab47d1e16b8ff621a3efa5',1,1,'Personal Access Token','[]',0,'2020-01-02 09:35:51','2020-01-02 09:35:51','2020-01-02 19:35:51'),('bd4b92a8925f1d2214f3f7a5da7b8086702b1575f5cc204b3abea0492215ab254d5446c7e7d0f1e3',2,1,'Personal Access Token','[]',0,'2019-11-21 20:14:02','2019-11-21 20:14:02','2019-11-22 06:14:02'),('bdce4f608902ea07ea81f35829cc41efb9718e4d029c0e50a912eccab840235930854b76c721a184',1,1,'Personal Access Token','[]',0,'2019-11-27 08:00:38','2019-11-27 08:00:38','2019-11-27 18:00:38'),('bde3fe6974f66bd5c5cffb864fa86cb56d4a579e67e55915bab6e2b290bbe00a5985f491e99de578',1,1,'Personal Access Token','[]',0,'2019-11-06 20:12:05','2019-11-06 20:12:05','2019-11-07 06:12:05'),('be90c83166e7591d74c7c8888babc6cd39a05792249af2ae90d76a42368c440ff0e713c07ba6c450',2,1,'Personal Access Token','[]',0,'2019-10-30 13:28:34','2019-10-30 13:28:34','2019-10-30 23:28:33'),('becb372c57427230960b6e4378a24d2a3eca66a435a0ea34ac382c1ca6f62171f9cd3967d6a251ba',1,1,'Personal Access Token','[]',0,'2019-11-20 09:35:33','2019-11-20 09:35:33','2019-11-20 19:35:33'),('bee847d6ddcceaebfe9cc5715cf5d5f53904615d2ad14c2c3c44dcebdf74b0f5c9113da96d1b4e5f',1,1,'Personal Access Token','[]',0,'2019-11-04 08:57:48','2019-11-04 08:57:48','2019-11-04 18:57:48'),('bf58b1c22c0d75fd2bf67004dd21a97c85b441603730c5a9059320751709fae1a7ec55d65d8bb67a',1,1,'Personal Access Token','[]',0,'2019-11-21 09:13:32','2019-11-21 09:13:32','2019-11-21 19:13:32'),('bfca213f4bc20c33dfd4c0af37d4ecbb8e6fb4f45f67003c8558e8424bb462d96f81b84aa5dc8cab',6,1,'Personal Access Token','[]',0,'2020-01-19 16:04:39','2020-01-19 16:04:39','2020-01-20 02:04:38'),('c018a8c0e053d08a9a7da699d1ee8d5c51f902e42e7ea54ac4ee6559bef2bb2ee9a367497e4052a3',1,1,'Personal Access Token','[]',0,'2019-12-14 08:08:21','2019-12-14 08:08:21','2019-12-14 18:08:21'),('c07d2dd083ff295ee3789e7a48970fd2564c92f899c6ce9a4dd358932466ca6b33c24285f3f3ba43',6,1,'Personal Access Token','[]',0,'2020-01-19 16:04:38','2020-01-19 16:04:38','2020-01-20 02:04:38'),('c08247cd02c15eef3b6287d5ca2b9440c50c1fea46142bba2f53daec5b59403302a87794d82686bb',6,1,'Personal Access Token','[]',0,'2019-11-25 16:19:09','2019-11-25 16:19:09','2019-11-26 02:19:09'),('c0a1689e4e6ce263040179f840e7ba523b23a72b79642973814c7eb13bb56f15f5cc077ba4068f2d',2,1,'Personal Access Token','[]',0,'2019-12-10 18:48:08','2019-12-10 18:48:08','2019-12-11 04:48:08'),('c0efba6d6eff6ecc24ff0038ff8693b781cb980018e07c58b8d44337902c81c232d2fbf718928d9c',6,1,'Personal Access Token','[]',0,'2020-01-18 12:15:45','2020-01-18 12:15:45','2020-01-18 22:15:45'),('c10ae46c1dd126942150b19ea82f240db66cc38b3fd9fc48c9906efa41aa2e8a7c848e607977cee7',2,1,'Personal Access Token','[]',0,'2019-11-07 15:42:03','2019-11-07 15:42:03','2019-11-08 01:42:03'),('c19ed2f255d7fc5b615bfc1f18b08212e22da40b0e268dc5a94fab63da8a4a45b489687027822d34',1,1,'Personal Access Token','[]',0,'2019-12-05 09:25:16','2019-12-05 09:25:16','2019-12-05 19:25:16'),('c2376adff5d42508caab12605e70beee70d9b05eac680d579d520fa40547f6122bb27ac776bf5180',1,1,'Personal Access Token','[]',0,'2019-11-29 11:02:27','2019-11-29 11:02:27','2019-11-29 21:02:27'),('c2631a26e06d84266712f5fbac3864a84358c42dc27595f039344eb729c97e198eb20235247e448d',1,1,'Personal Access Token','[]',0,'2020-01-15 08:05:56','2020-01-15 08:05:56','2020-01-15 18:05:55'),('c2ed295e0908ce1e149dce5bcb90fac85cf7dd1b689d9dac83ef653e090834c31f8b04c422990545',2,1,'Personal Access Token','[]',0,'2019-11-30 07:57:55','2019-11-30 07:57:55','2019-11-30 17:57:55'),('c35737721f719e4e136791806d1877ceab36dacb10fb70a90a736b5c753cf6b0d793c1d3c6f42f89',1,1,'Personal Access Token','[]',0,'2020-01-24 08:01:00','2020-01-24 08:01:00','2020-01-24 18:01:00'),('c3c32dbab016a6c82d16eacc9c64bd9e3003aa3a87e917876a0ac51005dd8d953a1a72af71de97fa',6,1,'Personal Access Token','[]',0,'2019-11-10 10:43:58','2019-11-10 10:43:58','2019-11-10 20:43:58'),('c479a3d8caf09f7da7c1e59f8e728b926d42600c012f7d3ea00432f5ba68fbb1c904e138938e215b',6,1,'Personal Access Token','[]',0,'2019-12-05 13:52:31','2019-12-05 13:52:31','2019-12-05 23:52:31'),('c621b192c1eddf5fabed6c5ad113649d6943c7769172bbab5758301935b24d32aaa06b408355c399',1,1,'Personal Access Token','[]',0,'2019-11-22 16:23:45','2019-11-22 16:23:45','2019-11-23 02:23:45'),('c7051c32a23bdb08490ede8353bf1667cdeeebb7e3b8f386a65439e5f55610f944a2e00e7b044378',2,1,'Personal Access Token','[]',0,'2019-12-10 18:47:57','2019-12-10 18:47:57','2019-12-11 04:47:57'),('c74747059af8faaf731b50ca90f4311042de8eafc1076b8d64abc10cda205271f0537f0ee879d156',6,1,'Personal Access Token','[]',0,'2019-11-06 20:20:42','2019-11-06 20:20:42','2019-11-07 06:20:42'),('c89f52eaf6ac0bc96272b1371ba1a3bafce0a35269aa0d59c479320e67afac6d502e7222603287df',2,1,'Personal Access Token','[]',0,'2020-01-19 15:27:40','2020-01-19 15:27:40','2020-01-20 01:27:39'),('c93f56fc8b2f5f3b3d4add7cff56a03ab075396af90a858de4937d9963574b7f30f655186932b5d0',2,1,'Personal Access Token','[]',0,'2019-10-30 07:29:06','2019-10-30 07:29:06','2019-10-30 17:29:06'),('c98c7ea105172a5dea3983540aae732cb408efd240c85127262885e7b5c1e347fa3fadb48ada1e53',6,1,'Personal Access Token','[]',0,'2020-01-19 16:04:46','2020-01-19 16:04:46','2020-01-20 02:04:46'),('c9ea9e6b6d938b18c4f45fed706dcd0931d084ede6fd10873b035a7497b80fae7daf64d916f545fd',2,1,'Personal Access Token','[]',0,'2019-11-23 13:57:26','2019-11-23 13:57:26','2019-11-23 23:57:26'),('cadad6f86f268ca1c206af157cfbdca48db0e9aa1e0234cacda563e92ac978db5daad2f799a34b95',2,1,'Personal Access Token','[]',0,'2019-10-30 10:13:54','2019-10-30 10:13:54','2019-10-30 20:13:54'),('cafaaca8f48ba129f9e0f32daa15e5d6f85d015a345790598456807cc80ae0f887026e66ff2a3842',2,1,'Personal Access Token','[]',0,'2020-01-07 09:51:26','2020-01-07 09:51:26','2020-01-07 19:51:26'),('cafafe3b70fded12b430541145b7067cfff6b59cb683433bb131f68ab20c5f341440e06ecf201a9b',1,1,'Personal Access Token','[]',0,'2019-12-20 08:07:01','2019-12-20 08:07:01','2019-12-20 18:07:01'),('cb716b897a2cbce596d19100b7bc2c901ec6f5501135f5a97c47e3a42fb37d80569f72da2213449c',2,1,'Personal Access Token','[]',0,'2019-10-30 14:27:11','2019-10-30 14:27:11','2019-10-31 00:27:11'),('cc6c18ddc1172cd1ef34fb5354560aa88ec7710648a0e84212909324a0421897d4f07406c66c6164',1,1,'Personal Access Token','[]',0,'2019-12-02 08:15:18','2019-12-02 08:15:18','2019-12-02 18:15:17'),('cc97570774a08a67528aa30e606004a7fb4b5e9eb366ea0051070e767eb67808fc80f6d5cfdad996',2,1,'Personal Access Token','[]',0,'2020-01-22 07:29:15','2020-01-22 07:29:15','2020-01-22 17:29:15'),('cd120717b8e7e0ce86ed0d00daf9a7d7377e29f33c7e7deb50ef6cbc863c86530e71de32311c3062',2,1,'Personal Access Token','[]',0,'2020-01-17 22:04:19','2020-01-17 22:04:19','2020-01-18 08:04:19'),('cd13355cc64ecb9c418edeecaf3ce2fe93a903afe351bea859aacde976eea8eeda14757cda1ce4f9',2,1,'Personal Access Token','[]',0,'2020-01-12 11:46:54','2020-01-12 11:46:54','2020-01-12 21:46:53'),('cd3a3a4c6b6df1a7a8f2bea90d5e517b1770ce8ac60fc5c0cbec7367f3e8074644ea4a07f6a32f61',6,1,'Personal Access Token','[]',0,'2020-01-19 16:04:46','2020-01-19 16:04:46','2020-01-20 02:04:45'),('ce23df8c3fc87c5b7ab90f270d3d20a24ca4ff0834322789ea87734da311a533a744b3e08d5c5614',1,1,'Personal Access Token','[]',0,'2019-12-18 09:32:46','2019-12-18 09:32:46','2019-12-18 19:32:45'),('ce2b401bb27e53aac4bf07414d883963516c97092ca2d7de115765d55537267da370708c064452ea',1,1,'Personal Access Token','[]',0,'2019-11-22 11:12:57','2019-11-22 11:12:57','2019-11-22 21:12:57'),('ce91bb3c507be1a8d30bb4ae07b123dde78e334f1fd33b6f5294a4909a91149b4bca5b60fbb1a31c',2,1,'Personal Access Token','[]',0,'2019-11-28 14:30:00','2019-11-28 14:30:00','2019-11-29 00:30:00'),('cfae69479967cb6b456ca1ff83bf731ef6c0c39bc044470c34a8e45023e372782878bdc57a6b7dfb',1,1,'Personal Access Token','[]',0,'2019-11-26 08:17:51','2019-11-26 08:17:51','2019-11-26 18:17:51'),('cfd92fb4ade87dd57401177b9dcc83e625aebee341e2c4dd8f4e4dd5db5f420545dad1c162d128b1',2,1,'Personal Access Token','[]',0,'2020-01-17 21:55:40','2020-01-17 21:55:40','2020-01-18 07:55:39'),('d0639ee689723e50bce8d9ce5e58e4eb5487055ddf620d1a10a9ddf491c060578702a61fa7f85009',2,1,'Personal Access Token','[]',0,'2019-10-29 11:34:00','2019-10-29 11:34:00','2019-10-29 21:34:00'),('d1043eecfbc036b22609b6c6f39b51b07aceebdd5ffdd678e684d600be1afa06c36360cc58c0f810',1,1,'Personal Access Token','[]',0,'2019-11-19 11:36:34','2019-11-19 11:36:34','2019-11-19 21:36:34'),('d1054a332f053288d589070b37b80b1fcc7cd8940e4d4d7561cacf77852acdbdbf4d52d3bc2527d4',1,1,'Personal Access Token','[]',0,'2019-11-29 08:25:54','2019-11-29 08:25:54','2019-11-29 18:25:53'),('d123b628cd3a4f0e260c5e136e23ae5d83aa912a75ade8d5ce26c4b1ddc927ddfa4c46fec0dfe6c6',1,1,'Personal Access Token','[]',0,'2020-01-09 07:50:26','2020-01-09 07:50:26','2020-01-09 17:50:25'),('d1272debfca1d4c2e552173ceba605e986bab47b3d6be24da140ec3f54bc55747c83f6fd84ee86e6',1,1,'Personal Access Token','[]',0,'2020-01-13 08:10:49','2020-01-13 08:10:49','2020-01-13 18:10:49'),('d15d589d971fa9d217dbedfa16030f76df58c9587083f1f2915228ffa8b87de420aead6c2d791767',2,1,'Personal Access Token','[]',0,'2020-01-25 07:54:12','2020-01-25 07:54:12','2020-01-25 17:54:12'),('d19a5f139b613d8bb1985f827c14edda6898e7289d135a85d892c892b79dac18ecc322d8a65e30ee',1,1,'Personal Access Token','[]',0,'2020-01-09 08:21:48','2020-01-09 08:21:48','2020-01-09 18:21:48'),('d1e8d0f6419e50beeed930e13323d64eb34231d5e1be872fc9e847b1d3dadc28f57a805466845253',1,1,'Personal Access Token','[]',0,'2020-01-08 08:08:15','2020-01-08 08:08:15','2020-01-08 18:08:15'),('d24ebf46c78f43802d97e42a248f3dca9420a9e95830afaf5d1c2f406062b5e7b67726b42273a0e4',1,1,'Personal Access Token','[]',0,'2019-12-28 08:56:52','2019-12-28 08:56:52','2019-12-28 18:56:52'),('d2873b37d367440bb6d92500f2ef098c24a4f4d29c5a678f21dca5369605c64ab55c81f9ac24fcd8',1,1,'Personal Access Token','[]',0,'2019-12-28 07:50:57','2019-12-28 07:50:57','2019-12-28 17:50:56'),('d3807e590115161d0cf97a8c13c9641c56c7339f30043841e8111ae386f01b6d366bb10d3f013fbf',1,1,'Personal Access Token','[]',0,'2020-01-13 15:48:40','2020-01-13 15:48:40','2020-01-14 01:48:39'),('d4d7d513700374e29d681db9fa8465f9cbfe51cbb0e6a25772cca087b17a0e0afd1967a0a145fefe',2,1,'Personal Access Token','[]',0,'2019-11-06 20:26:22','2019-11-06 20:26:22','2019-11-07 06:26:22'),('d5bbf95530d7893236afcce3ab231e862111f17fce1f0b7ca58f97ca25bba7743a48468a3a4a5126',6,1,'Personal Access Token','[]',0,'2019-12-13 15:24:16','2019-12-13 15:24:16','2019-12-14 01:24:16'),('d670be28f93cfa2c1cce5214842b59ff31aba345fcebbdd026a0be2fb3351a176103c9398c9197fc',6,1,'Personal Access Token','[]',0,'2020-01-18 12:29:08','2020-01-18 12:29:08','2020-01-18 22:29:08'),('d6e7847a2f3fd193208d80559f669593185dfae2708ada88885276f435bcc0ea85b0a09ed6861157',1,1,'Personal Access Token','[]',0,'2019-11-23 13:15:39','2019-11-23 13:15:39','2019-11-23 23:15:39'),('d6f995ee2a0f60bbb4469cf22b71ec040ecf80952c765f7a56590aff6b0abb6d5afc12632dd214bd',1,1,'Personal Access Token','[]',0,'2020-01-10 07:55:07','2020-01-10 07:55:07','2020-01-10 17:55:07'),('d7f123ca95ea6ff42b17f9986b3ec2f1fee4a11193a1ec26cd0bdfaa957fd0a4bf2c6d3f4b169835',2,1,'Personal Access Token','[]',0,'2019-10-30 14:27:10','2019-10-30 14:27:10','2019-10-31 00:27:10'),('d85fb3dc1e79af9195e7735e23ad2a38bd2c5b73786ae61c773d9e97988a0c99d4d2b736b2bfe4b3',6,1,'Personal Access Token','[]',0,'2019-11-14 09:32:36','2019-11-14 09:32:36','2019-11-14 19:32:36'),('d9219eefa697c5c1fb265220606a12e35d69d81a429becde3722f51cd04afe88eb1a894a2726ba83',1,1,'Personal Access Token','[]',0,'2019-12-03 17:27:13','2019-12-03 17:27:13','2019-12-04 03:27:13'),('d9378ef83d6887a44d59c4d800aae116ee6358eef966ee6bb83d13cd92f3dfb51ffd0c92743e751c',6,1,'Personal Access Token','[]',0,'2019-11-10 08:10:14','2019-11-10 08:10:14','2019-11-10 18:10:14'),('db253c8adf11b6370dfbd0c2e54e5cb540f037ce073a25584c717899543218524164ef0ae9ca7582',2,1,'Personal Access Token','[]',0,'2019-12-06 19:57:10','2019-12-06 19:57:10','2019-12-07 05:57:10'),('db38f5ce6a2a1a68d6f1904366b0a24d0e31b46c34421c61836b1691c8a36e68dbf1179bfbfe64dc',6,1,'Personal Access Token','[]',0,'2019-12-10 14:53:42','2019-12-10 14:53:42','2019-12-11 00:53:42'),('db70857e2ae02d7383337a3037cfeba831538b67fb989c824e14a3ea85a2cf66387ef2da46c67288',1,1,'Personal Access Token','[]',0,'2019-11-28 16:36:42','2019-11-28 16:36:42','2019-11-29 02:36:41'),('db811c8d6d4f721d0e2430f64a0ef2688520878f8a6edd438f71ade768fff41e2010b38e2cbf7d0c',1,1,'Personal Access Token','[]',0,'2019-12-16 08:08:36','2019-12-16 08:08:36','2019-12-16 18:08:36'),('db8a44f5d4d4f6c69e71d841204b208b950670d729ae26bb738d5876e758da1b14131d7b0a2d2ed9',6,1,'Personal Access Token','[]',0,'2020-01-19 16:03:23','2020-01-19 16:03:23','2020-01-20 02:03:23'),('db97dda25394e0cc1a05212dd3da11ca9399633b188b7213d97d430d98b8bc8e5a9d10bdb8d7fa69',1,1,'Personal Access Token','[]',0,'2019-11-12 10:22:44','2019-11-12 10:22:44','2019-11-12 20:22:44'),('dc1c82892cb626b2a7e10a2172d2f1e942bc4152b7140440eb8217be21d66b62193b3ffe7ddbcc4f',1,1,'Personal Access Token','[]',0,'2019-12-23 08:29:27','2019-12-23 08:29:27','2019-12-23 18:29:27'),('de220017adb32593bd34d249f9685bc88afef1b2a83ac13d35b26f40e80f47dc4c147a2bd69113cd',1,1,'Personal Access Token','[]',0,'2019-12-05 07:49:32','2019-12-05 07:49:32','2019-12-05 17:49:32'),('de5e60a17c79441f2d1a7e83e0f9d537a997604792bc9bf8915fa32fba64f89949cb4216a74376e3',1,1,'Personal Access Token','[]',0,'2019-12-20 10:22:22','2019-12-20 10:22:22','2019-12-20 20:22:22'),('de837a0845cec392087146c65d2289bc2e2d6003997044b732439f041d7e09999d10b332c7e17015',1,1,'Personal Access Token','[]',0,'2019-11-11 07:57:26','2019-11-11 07:57:26','2019-11-11 17:57:26'),('ded13bb175d1b7386d2d258f3bd22f3d5f56497c811092f8a91c1c2cdaf83b32f61e960d855771c0',2,1,'Personal Access Token','[]',0,'2019-11-03 14:16:20','2019-11-03 14:16:20','2019-11-04 00:16:20'),('df2230d58b38413750027fcf618681f580750c1faba98fc2b7c3805329f66e8e36e71c354e1fc611',2,1,'Personal Access Token','[]',0,'2020-01-21 14:17:31','2020-01-21 14:17:31','2020-01-22 00:17:31'),('e03fb548c7c43c8dcb781ef256f3767d78195c194a2d6914440cc13c9c1b9528f1497f6213dfe379',1,1,'Personal Access Token','[]',0,'2019-10-29 11:32:32','2019-10-29 11:32:32','2019-10-29 21:32:32'),('e1fc3a0c93208babf8351e90408797bfdd2303a1d9564b8bf2b58ab04ec8b49796b8e2819e835aa0',2,1,'Personal Access Token','[]',0,'2019-12-05 17:09:03','2019-12-05 17:09:03','2019-12-06 03:09:03'),('e3747240289f9c2bf158a69aecd3677ca3a054e52748bbf517725f7054e0e742c31431483f41148e',1,1,'Personal Access Token','[]',0,'2020-01-10 09:32:03','2020-01-10 09:32:03','2020-01-10 19:32:03'),('e3b7b9f76677254f1618bd62d480c8b9b3494cd52dd6ca487e48fb95346967ca3300ba3d3ea0c633',1,1,'Personal Access Token','[]',0,'2020-01-14 10:34:48','2020-01-14 10:34:48','2020-01-14 20:34:48'),('e3ed3ca0c72bfca9bfc8469e2e5cb5e49a3a40f3bb5eda9c140ad1964eb1190fd928471dd798d237',2,1,'Personal Access Token','[]',0,'2019-10-29 11:08:11','2019-10-29 11:08:11','2019-10-29 21:08:11'),('e4fb07a2534b02467c3a27c6c40745d59110edbb81d553f355f380edc8303ef8dc699b39a4b64557',1,1,'Personal Access Token','[]',0,'2020-01-22 07:59:34','2020-01-22 07:59:34','2020-01-22 17:59:34'),('e5dad48e32447faf8402587a595252da4ddff45528e21f32987c3ac35f4f20f6c0a5a3658a965843',2,1,'Personal Access Token','[]',0,'2019-12-04 22:48:57','2019-12-04 22:48:57','2019-12-05 08:48:56'),('e6059ef7e9dbb8d6022bc5745eb61a966dfe3a8fabaf78f9100ad7651db7a9e3606a275a6629c726',2,1,'Personal Access Token','[]',0,'2019-11-07 07:35:09','2019-11-07 07:35:09','2019-11-07 17:35:09'),('e7dd3a647e2a5299e080cd42d66b38482a290cee4ccfadceae94b21ae0852803f3e91cfa0218c73f',1,1,'Personal Access Token','[]',0,'2020-01-02 10:57:33','2020-01-02 10:57:33','2020-01-02 20:57:33'),('e82ff0ddeb48df18110acf09dbcf9d8f56125bab20b46e922da5703c48bda5df909433359b60c60f',1,1,'Personal Access Token','[]',0,'2019-12-14 08:00:17','2019-12-14 08:00:17','2019-12-14 18:00:17'),('e868b72c249ab3e2380c32713105a5609baa78ee37718feabf6eb9f1c28cc263e8a7ef7470620e67',1,1,'Personal Access Token','[]',0,'2019-11-14 08:06:11','2019-11-14 08:06:11','2019-11-14 18:06:10'),('e8f7dac260b11cd9c31a4f7355c52bf553f273d9c11cc72ff34a0e1a93342cf27dff8e6f381e6b5b',2,1,'Personal Access Token','[]',0,'2020-01-07 16:27:14','2020-01-07 16:27:14','2020-01-08 02:27:14'),('e9368d1825d4a25aa008e26790e3c0bde3eff566c6774e57982b875381841d46833f53de78dd554c',2,1,'Personal Access Token','[]',0,'2019-11-13 07:50:37','2019-11-13 07:50:37','2019-11-13 17:50:37'),('e99ac6cdcb11a6ef7a6f0fb94184cacc1ca18ea1f14c3d7c626c3c9038f49fb163df01ebbb0b2eeb',6,1,'Personal Access Token','[]',0,'2020-01-19 16:03:15','2020-01-19 16:03:15','2020-01-20 02:03:15'),('e9ec959de99414f978cda46e1c6720b16f06e979b623c797b7b0f9662f30051d23ad0e5de3f4ebe0',2,1,'Personal Access Token','[]',0,'2019-11-15 18:13:31','2019-11-15 18:13:31','2019-11-16 04:13:31'),('ea03fa92386ba44385d463b59a5a70acc1b02dbc77f9ed10ca4210964b031162ba93e499159b75b3',2,1,'Personal Access Token','[]',0,'2019-10-31 17:33:39','2019-10-31 17:33:39','2019-11-01 03:33:39'),('eaadd1ba13bff96defb13bb23129ecd66388bfbec9707d6b3ea19f02a649560c429da842be35b7c3',1,1,'Personal Access Token','[]',0,'2020-01-25 15:51:57','2020-01-25 15:51:57','2020-01-26 01:51:57'),('eabe1393d2bbb6bf0f965020504663cac2e8197fa07b7efbe4658a0a0ccaf40f0f821cec5d06f6a8',2,1,'Personal Access Token','[]',0,'2019-12-27 09:06:46','2019-12-27 09:06:46','2019-12-27 19:06:46'),('eb14e9726940e39cac86ed86ee0164ca2ab2ddfdaf77eb701c9c2aa05602522a2619b0bbbda2df27',1,1,'Personal Access Token','[]',0,'2020-01-11 08:17:25','2020-01-11 08:17:25','2020-01-11 18:17:25'),('ec35b49c2b7788fd91513f831e5a15589606cd42a7d13c09c44637de2c5dfd8b00c139a7b5d42795',6,1,'Personal Access Token','[]',0,'2019-11-12 06:01:04','2019-11-12 06:01:04','2019-11-12 16:01:04'),('ecaf71a19042469a9e5da291a79ad25f38d9df2d0f98b506e3749b8f9373b937fdb69c99eb1c0eb3',1,1,'Personal Access Token','[]',0,'2019-12-30 10:12:33','2019-12-30 10:12:33','2019-12-30 20:12:33'),('ecc9f4a116d7c455ad3ead2a84c93de57194b18068c0478ce3d6eef4abd5efe8bdbf8b4a6077e481',2,1,'Personal Access Token','[]',0,'2019-10-31 15:46:57','2019-10-31 15:46:57','2019-11-01 01:46:57'),('ecd832a2360c2b1616686a3a19a0c1ca4ea7965b907bb4af08df1966600b4cf3d03bedc85ea238fe',1,1,'Personal Access Token','[]',0,'2020-01-14 08:09:28','2020-01-14 08:09:28','2020-01-14 18:09:28'),('ed029ca5dcae099dd84b4d4c05b5b49f19d190a8240fc153f040ed441bf8fd5219b3aa06f3e2286e',1,1,'Personal Access Token','[]',0,'2019-11-15 15:43:01','2019-11-15 15:43:01','2019-11-16 01:43:01'),('ed7a1ed7f97b304dbb213e9f075f990b2b73e05292dbb587986c023efd17eac709f1381029e08ac8',2,1,'Personal Access Token','[]',0,'2019-11-06 19:51:04','2019-11-06 19:51:04','2019-11-07 05:51:04'),('ed83a7c9c1ddc792b18dd299ef49dd2703583188c7ce2a8399d729d404bc5dd68c2378e2686a1d69',2,1,'Personal Access Token','[]',0,'2019-10-30 22:29:32','2019-10-30 22:29:32','2019-10-31 08:29:31'),('ee35894ba43010ec4532a6fa7c32637edb9910661a9e695cc73f56513273cfd535a3e258ac378e82',1,1,'Personal Access Token','[]',0,'2019-12-11 11:10:23','2019-12-11 11:10:23','2019-12-11 21:10:23'),('ee46226d93b808072f971061810cc54d90e7461832ff2b543f25e501fa93055cf2b6a9456b17f8ca',2,1,'Personal Access Token','[]',0,'2019-11-26 09:50:22','2019-11-26 09:50:22','2019-11-26 19:50:22'),('ef245bc3f5fd9a083e8c44173089eb40e817d238296c795b033adbb875803f8feccad3211fb90597',2,1,'Personal Access Token','[]',0,'2020-01-22 10:40:50','2020-01-22 10:40:50','2020-01-22 20:40:50'),('f00753dcc0dc52b24247293886772c9656658b70f307f0b3ecc8cfb6ae7cb33d3530e140dcf38189',6,1,'Personal Access Token','[]',0,'2019-11-06 20:26:59','2019-11-06 20:26:59','2019-11-07 06:26:59'),('f197fc10910194279a211060f249ab03a49f4a753aff43429926a51bee18203909990d9f23a73348',2,1,'Personal Access Token','[]',0,'2019-11-25 16:01:26','2019-11-25 16:01:26','2019-11-26 02:01:26'),('f1ba1433215793f5fd54a2d4b8797f3d82143c1b9b72ffd665c8fe6f5eb576c9575ecf9e032067cc',1,1,'Personal Access Token','[]',0,'2019-12-09 08:01:41','2019-12-09 08:01:41','2019-12-09 18:01:41'),('f29075437864c93371133a2510c05a0ab90728013d002bfd6a61ab55e8df217ef1e0678f5ab204f6',6,1,'Personal Access Token','[]',0,'2019-11-25 16:26:22','2019-11-25 16:26:22','2019-11-26 02:26:21'),('f3a04cc0321f98b20057a3942ea94fa210d37a9fcc7f671ec7b0447061e3142e189d06c7ae877072',2,1,'Personal Access Token','[]',0,'2020-01-18 08:53:13','2020-01-18 08:53:13','2020-01-18 18:53:13'),('f41dcfcddf7eee1a4c17f52dd0c0960aafadf2aaf9f7acf8395b2a42b96862a085a17400269227c3',6,1,'Personal Access Token','[]',0,'2019-12-06 12:05:23','2019-12-06 12:05:23','2019-12-06 22:05:23'),('f4214141bfb99e67062633278c2efb56003eab0c575d975b7077c7a1d90860539285bc33d3a2c089',1,1,'Personal Access Token','[]',0,'2020-01-23 14:04:30','2020-01-23 14:04:30','2020-01-24 00:04:30'),('f456b3fbd17dbdbf5fc88aadca5a0e517c988ef34d49084be427348bbcbf62dcb57303b4eaae16ff',6,1,'Personal Access Token','[]',0,'2019-12-03 11:44:33','2019-12-03 11:44:33','2019-12-03 21:44:33'),('f4f9ebabdaf077e14efa1b83960856357955eec53b19bce170b65ee47eb5f9df50ce2afa344dc54b',1,1,'Personal Access Token','[]',0,'2019-12-04 08:00:34','2019-12-04 08:00:34','2019-12-04 18:00:34'),('f5620a9f3fb1016dcfc8ee339648c1da6ba540e2230a2cfd56c1682c26af7e85fda625688ffa905d',1,1,'Personal Access Token','[]',0,'2019-12-09 09:17:05','2019-12-09 09:17:05','2019-12-09 19:17:04'),('f587a2e5cfb7e2b4fa4648bb1fd248eb60ee8922228a0742539fa14f964368796f1c1cdce7aefea8',1,1,'Personal Access Token','[]',0,'2019-12-05 09:40:58','2019-12-05 09:40:58','2019-12-05 19:40:58'),('f59b9856f2034af5770b84c519cf7021c4364e3383b73a743043679807610df4cb130003656e97a6',1,1,'Personal Access Token','[]',0,'2020-01-04 08:25:46','2020-01-04 08:25:46','2020-01-04 18:25:46'),('f5dd308a6a303b86a6c51dcf5d10116a01240a58819de26eec65c656635e4e6ce148bd233890dd24',1,1,'Personal Access Token','[]',0,'2019-10-30 10:36:20','2019-10-30 10:36:20','2019-10-30 20:36:20'),('f60905a5c5958fb6a772bbe69aaa3447227c5ec79c5783032a790d0319752123e02e9fb62f466d1a',1,1,'Personal Access Token','[]',0,'2019-12-21 11:29:34','2019-12-21 11:29:34','2019-12-21 21:29:34'),('f6206ea258c4cb3c6b0615765b9ce103260d8e02675e98017b89a070e808aad238f5ff18d009d9c7',2,1,'Personal Access Token','[]',0,'2020-01-18 15:56:07','2020-01-18 15:56:07','2020-01-19 01:56:07'),('f7839c8e8d8e81654d073a7dfb8f783b533d866986f24dfee6f3a8d2af4533cda794d8c5d08cd5de',1,1,'Personal Access Token','[]',0,'2019-12-30 10:13:23','2019-12-30 10:13:23','2019-12-30 20:13:23'),('f8278630cf38c53103baacf75f6c2fa8512bfa0375fb84ffead5d1bde62f1f47961b1a59cac0a13a',1,1,'Personal Access Token','[]',0,'2019-12-03 09:44:47','2019-12-03 09:44:47','2019-12-03 19:44:46'),('f871bf78aa91a882456ace170e6c23323153375cd9f3d746937b2e2c263e95dd6284be61dd5c56f9',2,1,'Personal Access Token','[]',0,'2019-11-25 16:48:45','2019-11-25 16:48:45','2019-11-26 02:48:44'),('f8b1dcef6abdc72e79e946f150fdac9e036763a595223aa526fdfa1efd3a4e38290676d3f1da566c',1,1,'Personal Access Token','[]',0,'2019-10-29 11:01:02','2019-10-29 11:01:02','2019-10-29 21:01:02'),('f901ab412c901c9afe9e10ff902790c393df5f67311bcdcdc494eec6d226bf6af88e0ebb34fb1ecb',6,1,'Personal Access Token','[]',0,'2020-01-18 12:32:24','2020-01-18 12:32:24','2020-01-18 22:32:24'),('f9280a670b0ceeaf6c45aeb8b64621716d4dcd3c4b3802c188eeb7febaa4a3ea758f1c782a1dc413',1,1,'Personal Access Token','[]',0,'2020-01-13 16:44:44','2020-01-13 16:44:44','2020-01-14 02:44:43'),('f934035d5758ff756ae24db471d67c6c0b04584fc1605d40fa09cfc8d33cd8a2253df3ecaade24cb',6,1,'Personal Access Token','[]',0,'2020-01-19 16:04:39','2020-01-19 16:04:39','2020-01-20 02:04:39'),('f9bed95fb79c8ea94c2ffff2e06088d0d043be72b3cb756441f062ba7efd45e7b6eb1356705f8e5c',1,1,'Personal Access Token','[]',0,'2019-12-07 08:02:27','2019-12-07 08:02:27','2019-12-07 18:02:27'),('f9cebcf140530deda4c73146391eda72fa26cbc9a51c67a9c92fa8a0f41f1fb715ef31c9fcb027b3',2,1,'Personal Access Token','[]',0,'2020-01-03 14:24:10','2020-01-03 14:24:10','2020-01-04 00:24:10'),('fa061782c3cf923d9af6d695d0304555c5f3cc2ba58681e84be5d68630e8152182364c025bacc433',1,1,'Personal Access Token','[]',0,'2020-01-24 13:05:20','2020-01-24 13:05:20','2020-01-24 23:05:19'),('fa2dba6e1a015dc4b2cbb1030914e778d2a84eef7f6d5384792ed1f3019c4f5d58ffd9703877d045',6,1,'Personal Access Token','[]',0,'2019-12-18 09:23:58','2019-12-18 09:23:58','2019-12-18 19:23:58'),('fa4ef9b0bff515030f733d77305278d0a48e3b35d1e5d8b7ee247c6a66eaee5df781251f82df6f3f',4,1,'Personal Access Token','[]',0,'2019-11-08 09:29:28','2019-11-08 09:29:28','2019-11-08 19:29:28'),('fac484f4bb3ade42501d17c819896dc52ee0dd976fa196c1e644c1e71d5333dcc594a3e161008aa5',1,1,'Personal Access Token','[]',0,'2020-01-08 07:58:42','2020-01-08 07:58:42','2020-01-08 17:58:42'),('fafcbbb731ba1055bf5bc7fe2b62607ab0506e281cec7325c6a72c3c72f23a1550fac384c9b069b1',1,1,'Personal Access Token','[]',0,'2019-12-10 09:44:22','2019-12-10 09:44:22','2019-12-10 19:44:22'),('fc5b65b9fc273e78f076b73de6ad8c668d9c20ad7d0e0c5babcb12bb4af1dc43a055c50b72ffa4ac',2,1,'Personal Access Token','[]',0,'2019-11-12 07:40:17','2019-11-12 07:40:17','2019-11-12 17:40:17'),('fcf7f056089d72cd59882113b371ed2329290727b3a26595b7d154c6c648a4c464e24bcc524ba22e',2,1,'Personal Access Token','[]',0,'2019-10-29 11:32:49','2019-10-29 11:32:49','2019-10-29 21:32:49'),('fd0a860c0e694686e79cdbae15ad72bc626968cfb7be31b2e1495e07d90a4d2a5049d39e4717058d',1,1,'Personal Access Token','[]',0,'2019-11-22 07:57:56','2019-11-22 07:57:56','2019-11-22 17:57:56'),('fd10c59712e0b830f5a18495cbe4a9488a178472230ae76cf96cea03c5748917bd696fc0b100f7c7',1,1,'Personal Access Token','[]',0,'2019-12-19 09:33:31','2019-12-19 09:33:31','2019-12-19 19:33:31'),('fd5c4a7fa82fd21ec7e9b4e1e2f0c14d4ca4751b872ddb31dd228759bcc60a56069d5ff7a04654e5',1,1,'Personal Access Token','[]',0,'2019-10-29 16:12:42','2019-10-29 16:12:42','2019-10-30 02:12:42'),('fda41778ef2d646a62c2b01ec980160738ebe8a2732979090426f204a84e22bcf86cedcf01dcaa5b',2,1,'Personal Access Token','[]',0,'2019-12-02 20:29:09','2019-12-02 20:29:09','2019-12-03 06:29:09'),('fe1c6f50a4f537ab50da0add7248a24432dd45379c8be56f47c4c67f73f6664cce70646126fece52',6,1,'Personal Access Token','[]',0,'2020-01-19 16:03:36','2020-01-19 16:03:36','2020-01-20 02:03:36'),('fe4ed0f3a5ae34795bd7e881d6483bbf40a6a8f4f6a3337417607b5166161019f90965ff562c8823',6,1,'Personal Access Token','[]',0,'2020-01-19 16:04:53','2020-01-19 16:04:53','2020-01-20 02:04:53'),('fe6b7820e16a632030f6d082addf91f898e439a59c1d42118d982ece43b822216d497f570cba8f27',1,1,'Personal Access Token','[]',0,'2019-11-27 08:01:55','2019-11-27 08:01:55','2019-11-27 18:01:55'),('ff037cb6a93ae963ffcebf44f29df4331cea708175d2d69742659cce42e33d54c1b0b616973804ec',1,1,'Personal Access Token','[]',0,'2019-11-14 17:47:27','2019-11-14 17:47:27','2019-11-15 03:47:27');
/*!40000 ALTER TABLE `oauth_access_tokens` ENABLE KEYS */;
UNLOCK TABLES;

--
-- Table structure for table `oauth_auth_codes`
--

DROP TABLE IF EXISTS `oauth_auth_codes`;
/*!40101 SET @saved_cs_client     = @@character_set_client */;
/*!40101 SET character_set_client = utf8 */;
CREATE TABLE `oauth_auth_codes` (
  `id` varchar(100) COLLATE utf8mb4_unicode_ci NOT NULL,
  `user_id` bigint(20) NOT NULL,
  `client_id` int(10) unsigned NOT NULL,
  `scopes` text COLLATE utf8mb4_unicode_ci,
  `revoked` tinyint(1) NOT NULL,
  `expires_at` datetime DEFAULT NULL,
  PRIMARY KEY (`id`)
) ENGINE=InnoDB DEFAULT CHARSET=utf8mb4 COLLATE=utf8mb4_unicode_ci;
/*!40101 SET character_set_client = @saved_cs_client */;

--
-- Dumping data for table `oauth_auth_codes`
--

LOCK TABLES `oauth_auth_codes` WRITE;
/*!40000 ALTER TABLE `oauth_auth_codes` DISABLE KEYS */;
/*!40000 ALTER TABLE `oauth_auth_codes` ENABLE KEYS */;
UNLOCK TABLES;

--
-- Table structure for table `oauth_clients`
--

DROP TABLE IF EXISTS `oauth_clients`;
/*!40101 SET @saved_cs_client     = @@character_set_client */;
/*!40101 SET character_set_client = utf8 */;
CREATE TABLE `oauth_clients` (
  `id` int(10) unsigned NOT NULL AUTO_INCREMENT,
  `user_id` bigint(20) DEFAULT NULL,
  `name` varchar(191) COLLATE utf8mb4_unicode_ci NOT NULL,
  `secret` varchar(100) COLLATE utf8mb4_unicode_ci NOT NULL,
  `redirect` text COLLATE utf8mb4_unicode_ci NOT NULL,
  `personal_access_client` tinyint(1) NOT NULL,
  `password_client` tinyint(1) NOT NULL,
  `revoked` tinyint(1) NOT NULL,
  `created_at` timestamp NULL DEFAULT NULL,
  `updated_at` timestamp NULL DEFAULT NULL,
  PRIMARY KEY (`id`),
  KEY `oauth_clients_user_id_index` (`user_id`)
) ENGINE=InnoDB AUTO_INCREMENT=3 DEFAULT CHARSET=utf8mb4 COLLATE=utf8mb4_unicode_ci;
/*!40101 SET character_set_client = @saved_cs_client */;

--
-- Dumping data for table `oauth_clients`
--

LOCK TABLES `oauth_clients` WRITE;
/*!40000 ALTER TABLE `oauth_clients` DISABLE KEYS */;
INSERT INTO `oauth_clients` VALUES (1,NULL,'Relist Personal Access Client','3jLMNDV7Iy3npLuuFPtbxTt1yNIfS2AEsYXC9zyg','http://localhost',1,0,0,'2019-10-29 10:58:00','2019-10-29 10:58:00'),(2,NULL,'Relist Password Grant Client','XI8HjI6KiNtYWWSDQkqRjfQpuVqrWJmxDttxfEYk','http://localhost',0,1,0,'2019-10-29 10:58:00','2019-10-29 10:58:00');
/*!40000 ALTER TABLE `oauth_clients` ENABLE KEYS */;
UNLOCK TABLES;

--
-- Table structure for table `oauth_personal_access_clients`
--

DROP TABLE IF EXISTS `oauth_personal_access_clients`;
/*!40101 SET @saved_cs_client     = @@character_set_client */;
/*!40101 SET character_set_client = utf8 */;
CREATE TABLE `oauth_personal_access_clients` (
  `id` int(10) unsigned NOT NULL AUTO_INCREMENT,
  `client_id` int(10) unsigned NOT NULL,
  `created_at` timestamp NULL DEFAULT NULL,
  `updated_at` timestamp NULL DEFAULT NULL,
  PRIMARY KEY (`id`),
  KEY `oauth_personal_access_clients_client_id_index` (`client_id`)
) ENGINE=InnoDB AUTO_INCREMENT=2 DEFAULT CHARSET=utf8mb4 COLLATE=utf8mb4_unicode_ci;
/*!40101 SET character_set_client = @saved_cs_client */;

--
-- Dumping data for table `oauth_personal_access_clients`
--

LOCK TABLES `oauth_personal_access_clients` WRITE;
/*!40000 ALTER TABLE `oauth_personal_access_clients` DISABLE KEYS */;
INSERT INTO `oauth_personal_access_clients` VALUES (1,1,'2019-10-29 10:58:00','2019-10-29 10:58:00');
/*!40000 ALTER TABLE `oauth_personal_access_clients` ENABLE KEYS */;
UNLOCK TABLES;

--
-- Table structure for table `oauth_refresh_tokens`
--

DROP TABLE IF EXISTS `oauth_refresh_tokens`;
/*!40101 SET @saved_cs_client     = @@character_set_client */;
/*!40101 SET character_set_client = utf8 */;
CREATE TABLE `oauth_refresh_tokens` (
  `id` varchar(100) COLLATE utf8mb4_unicode_ci NOT NULL,
  `access_token_id` varchar(100) COLLATE utf8mb4_unicode_ci NOT NULL,
  `revoked` tinyint(1) NOT NULL,
  `expires_at` datetime DEFAULT NULL,
  PRIMARY KEY (`id`),
  KEY `oauth_refresh_tokens_access_token_id_index` (`access_token_id`)
) ENGINE=InnoDB DEFAULT CHARSET=utf8mb4 COLLATE=utf8mb4_unicode_ci;
/*!40101 SET character_set_client = @saved_cs_client */;

--
-- Dumping data for table `oauth_refresh_tokens`
--

LOCK TABLES `oauth_refresh_tokens` WRITE;
/*!40000 ALTER TABLE `oauth_refresh_tokens` DISABLE KEYS */;
/*!40000 ALTER TABLE `oauth_refresh_tokens` ENABLE KEYS */;
UNLOCK TABLES;

--
-- Table structure for table `order_statuses`
--

DROP TABLE IF EXISTS `order_statuses`;
/*!40101 SET @saved_cs_client     = @@character_set_client */;
/*!40101 SET character_set_client = utf8 */;
CREATE TABLE `order_statuses` (
  `id` int(10) unsigned NOT NULL AUTO_INCREMENT,
  `name` varchar(191) COLLATE utf8mb4_unicode_ci NOT NULL,
  `created_at` timestamp NULL DEFAULT NULL,
  `updated_at` timestamp NULL DEFAULT NULL,
  PRIMARY KEY (`id`)
) ENGINE=InnoDB AUTO_INCREMENT=10 DEFAULT CHARSET=utf8mb4 COLLATE=utf8mb4_unicode_ci;
/*!40101 SET character_set_client = @saved_cs_client */;

--
-- Dumping data for table `order_statuses`
--

LOCK TABLES `order_statuses` WRITE;
/*!40000 ALTER TABLE `order_statuses` DISABLE KEYS */;
INSERT INTO `order_statuses` VALUES (1,'Accepted for repair','2019-10-29 10:57:51','2019-10-29 10:57:51'),(2,'In progress','2019-10-29 10:57:51','2019-10-29 10:57:51'),(3,'Order parts','2019-10-29 10:57:51','2019-10-29 10:57:51'),(4,'Waiting for parts','2019-10-29 10:57:51','2019-10-29 10:57:51'),(5,'Repaired','2019-10-29 10:57:51','2019-10-29 10:57:51'),(6,'Not repairable','2019-10-29 10:57:51','2019-10-29 10:57:51'),(7,'Called to client','2019-10-29 10:57:51','2019-10-29 10:57:51'),(8,'Returned to client','2019-10-29 10:57:51','2019-10-29 10:57:51'),(9,'Warranty','2019-10-29 10:57:51','2019-10-29 10:57:51');
/*!40000 ALTER TABLE `order_statuses` ENABLE KEYS */;
UNLOCK TABLES;

--
-- Table structure for table `orders`
--

DROP TABLE IF EXISTS `orders`;
/*!40101 SET @saved_cs_client     = @@character_set_client */;
/*!40101 SET character_set_client = utf8 */;
CREATE TABLE `orders` (
  `id` int(10) unsigned NOT NULL AUTO_INCREMENT,
  `accept_date` date NOT NULL,
  `price` double NOT NULL,
  `branch_id` int(10) unsigned NOT NULL,
  `created_at` timestamp NULL DEFAULT NULL,
  `updated_at` timestamp NULL DEFAULT NULL,
  `created_by` int(10) unsigned NOT NULL,
  PRIMARY KEY (`id`),
  KEY `orders_branch_id_foreign` (`branch_id`),
  KEY `orders_created_by_foreign` (`created_by`),
  CONSTRAINT `orders_branch_id_foreign` FOREIGN KEY (`branch_id`) REFERENCES `branches` (`id`),
  CONSTRAINT `orders_created_by_foreign` FOREIGN KEY (`created_by`) REFERENCES `logins` (`id`)
) ENGINE=InnoDB AUTO_INCREMENT=294 DEFAULT CHARSET=utf8mb4 COLLATE=utf8mb4_unicode_ci;
/*!40101 SET character_set_client = @saved_cs_client */;

--
-- Dumping data for table `orders`
--

LOCK TABLES `orders` WRITE;
/*!40000 ALTER TABLE `orders` DISABLE KEYS */;
INSERT INTO `orders` VALUES (12,'2019-10-29',14.9,3,'2019-10-29 14:03:20','2019-10-29 14:03:20',1),(13,'2019-10-29',34.9,3,'2019-10-29 14:04:03','2019-10-29 14:04:03',1),(14,'2019-10-29',29,3,'2019-10-29 14:04:43','2019-10-29 14:04:43',1),(16,'2019-10-29',24.9,3,'2019-10-29 16:00:10','2019-10-29 16:00:10',1),(17,'2019-10-29',14.9,3,'2019-10-29 16:00:29','2019-10-29 16:00:29',1),(18,'2019-10-29',24.9,3,'2019-10-29 16:18:33','2019-10-29 16:18:33',1),(19,'2019-10-29',14.9,3,'2019-10-29 16:19:03','2019-10-29 16:19:03',1),(26,'2019-10-29',279,3,'2019-10-29 17:02:43','2019-10-29 17:02:43',1),(27,'2019-10-29',79,3,'2019-10-29 17:03:20','2019-10-29 17:03:20',1),(29,'2019-06-03',530,4,'2019-10-30 10:29:35','2019-10-30 10:29:35',1),(30,'2019-07-02',0,4,'2019-10-30 10:36:16','2019-10-30 10:36:16',1),(34,'2019-10-28',29,4,'2019-10-30 11:18:02','2019-11-13 15:02:26',1),(39,'2019-10-30',19,3,'2019-10-30 12:52:47','2019-10-30 12:52:47',1),(40,'2019-10-30',4.9,3,'2019-10-30 12:55:06','2019-10-30 12:55:06',1),(41,'2019-10-30',14.9,3,'2019-10-30 13:48:52','2019-10-30 13:48:52',1),(42,'2019-10-30',19.9,3,'2019-10-30 13:49:04','2019-10-30 13:49:04',1),(44,'2019-10-30',89,3,'2019-10-30 14:53:00','2019-10-30 14:53:00',1),(47,'2019-10-30',12.9,3,'2019-10-30 17:32:48','2019-10-30 17:32:48',1),(60,'2019-10-31',9.9,1,'2019-10-31 14:17:58','2019-10-31 14:18:26',1),(61,'2019-10-31',12.9,1,'2019-10-31 14:18:46','2019-10-31 14:18:56',1),(64,'2019-11-02',29,4,'2019-11-04 09:22:53','2019-11-13 12:58:53',1),(65,'2019-11-02',179,4,'2019-11-04 09:55:48','2019-12-06 08:13:46',1),(68,'2019-11-06',89,4,'2019-11-06 13:37:32','2019-11-11 09:49:50',1),(72,'2019-11-07',39,4,'2019-11-07 15:06:35','2019-11-07 15:06:35',1),(77,'2019-11-09',29,4,'2019-11-09 12:02:04','2019-11-09 12:02:04',1),(79,'2019-11-09',39,4,'2019-11-09 13:26:42','2019-11-09 13:26:42',1),(80,'2019-11-09',99,4,'2019-11-09 16:12:00','2019-11-09 16:12:00',1),(84,'2019-11-11',10,5,'2019-11-11 07:34:38','2019-11-11 07:34:38',6),(88,'2019-11-12',98,4,'2019-11-12 12:11:16','2019-11-13 14:52:45',1),(90,'2019-11-12',59,4,'2019-11-12 16:19:05','2019-11-12 16:19:05',1),(100,'2019-11-16',29,4,'2019-11-16 09:58:27','2019-11-16 09:58:27',1),(104,'2019-11-16',29,4,'2019-11-16 15:08:07','2019-11-16 15:08:07',1),(106,'2019-11-15',77.9,6,'2019-11-17 12:36:17','2019-11-17 12:36:17',6),(120,'2019-11-21',59,4,'2019-11-21 14:18:58','2019-11-21 14:18:58',1),(121,'2019-11-21',120,5,'2019-11-21 18:39:40','2019-11-21 18:39:40',6),(127,'2019-11-23',119,4,'2019-11-23 15:27:58','2019-11-23 15:27:58',1),(128,'2019-11-24',200,5,'2019-11-24 19:55:24','2019-11-24 19:55:24',6),(129,'2019-11-25',12.3,5,'2019-11-25 16:03:20','2019-11-25 16:03:20',6),(139,'2019-11-27',269,4,'2019-11-27 12:19:54','2019-11-27 12:19:54',1),(145,'2019-11-28',20,4,'2019-11-28 16:39:13','2019-12-03 08:43:45',1),(148,'2019-11-29',150,4,'2019-11-29 11:20:54','2019-11-29 11:20:54',1),(154,'2019-11-30',409,4,'2019-12-02 10:34:23','2019-12-02 10:40:35',1),(155,'2019-11-30',119,4,'2019-12-02 10:36:08','2019-12-02 10:40:57',1),(156,'2019-11-30',200,4,'2019-12-02 10:37:46','2020-01-10 15:03:34',1),(159,'2019-12-02',78,4,'2019-12-02 12:40:17','2019-12-02 12:40:17',1),(163,'2019-12-02',49,4,'2019-12-03 08:07:00','2019-12-03 08:07:00',1),(165,'2019-12-03',49,3,'2019-12-03 09:50:42','2019-12-03 09:50:42',1),(171,'2019-12-02',130,4,'2019-12-04 08:00:38','2019-12-04 08:00:46',1),(176,'2019-12-05',100,4,'2019-12-05 13:32:36','2019-12-12 08:14:59',1),(179,'2019-12-06',99,4,'2019-12-06 13:06:17','2019-12-06 13:06:17',1),(180,'2019-12-07',99,4,'2019-12-07 13:50:52','2019-12-07 13:50:52',1),(182,'2019-12-07',12,5,'2019-12-07 21:59:27','2019-12-07 21:59:27',6),(183,'2019-12-07',14.9,5,'2019-12-07 21:59:46','2019-12-07 21:59:46',6),(184,'2019-12-07',29.9,5,'2019-12-07 21:59:54','2019-12-07 21:59:54',6),(190,'2019-12-11',348,4,'2019-12-11 11:11:35','2019-12-13 08:21:41',1),(192,'2019-12-11',59,4,'2019-12-11 17:31:57','2019-12-11 17:31:57',1),(196,'2019-12-13',239,4,'2019-12-13 13:47:23','2019-12-13 13:47:23',1),(198,'2019-12-14',14,5,'2019-12-14 13:07:24','2019-12-14 13:07:24',6),(204,'2019-12-10',69,4,'2019-12-18 10:10:26','2019-12-18 10:10:26',1),(215,'2019-12-27',128,4,'2019-12-27 16:28:13','2019-12-27 16:28:13',1),(220,'2019-12-28',119,4,'2019-12-28 15:27:27','2019-12-28 15:27:27',1),(221,'2019-12-28',279,4,'2019-12-28 15:29:53','2019-12-28 15:29:53',1),(231,'2020-01-02',49,4,'2020-01-02 13:09:07','2020-01-02 13:09:07',1),(232,'2020-01-02',179,4,'2020-01-02 13:28:41','2020-01-02 13:28:41',1),(233,'2020-01-02',29,4,'2020-01-02 16:25:21','2020-01-02 16:25:21',1),(236,'2020-01-02',89,4,'2020-01-03 13:24:25','2020-01-03 13:24:25',1),(237,'2020-01-03',59,4,'2020-01-03 13:33:03','2020-01-03 13:33:03',1),(243,'2020-01-07',59,4,'2020-01-07 17:32:41','2020-01-07 17:32:41',1),(244,'2020-01-08',14.9,5,'2020-01-08 08:00:39','2020-01-08 08:00:39',6),(245,'2020-01-08',24.9,5,'2020-01-08 08:00:54','2020-01-08 08:00:54',6),(246,'2020-01-08',19.9,5,'2020-01-08 08:01:13','2020-01-08 08:01:13',6),(247,'2020-01-08',24.9,5,'2020-01-08 08:01:34','2020-01-08 08:01:34',6),(248,'2020-01-08',120,5,'2020-01-08 08:05:07','2020-01-08 08:05:07',6),(252,'2020-01-08',139,4,'2020-01-08 14:39:54','2020-01-08 14:39:54',1),(256,'2020-01-10',89,4,'2020-01-10 09:37:03','2020-01-10 09:37:03',1),(257,'2020-01-10',109,4,'2020-01-10 11:29:42','2020-01-10 11:29:42',1),(258,'2020-01-10',199,4,'2020-01-10 14:57:17','2020-01-10 14:57:17',1),(259,'2020-01-11',14.9,5,'2020-01-11 16:42:18','2020-01-11 16:42:18',6),(260,'2020-01-11',24.9,5,'2020-01-11 16:42:28','2020-01-11 16:42:28',6),(261,'2020-01-11',14.9,5,'2020-01-11 16:42:39','2020-01-11 16:42:39',6),(262,'2020-01-11',19.9,5,'2020-01-11 16:43:07','2020-01-11 16:43:07',6),(269,'2020-01-14',149,4,'2020-01-14 12:01:59','2020-01-14 12:01:59',1),(275,'2020-01-15',79,4,'2020-01-15 18:00:51','2020-01-15 18:00:51',1),(278,'2020-01-21',0,1,'2020-01-21 10:55:47','2020-01-21 10:55:47',1),(280,'2020-01-21',30,2,'2020-01-21 11:54:19','2020-01-21 11:54:19',1),(287,'2020-01-24',0,1,'2020-01-24 08:24:37','2020-01-24 08:24:37',1),(288,'2020-01-24',0,1,'2020-01-24 08:26:59','2020-01-24 08:26:59',1),(289,'2020-01-24',100,1,'2020-01-24 08:27:55','2020-01-24 08:27:55',1),(290,'2020-01-24',0,3,'2020-01-24 10:46:39','2020-01-24 10:46:39',1),(291,'2020-01-24',119,3,'2020-01-24 10:48:21','2020-01-24 10:48:21',1),(292,'2020-01-25',179,1,'2020-01-25 09:42:50','2020-01-25 09:42:50',1),(293,'2020-01-25',99,2,'2020-01-25 15:52:51','2020-01-25 15:52:51',1);
/*!40000 ALTER TABLE `orders` ENABLE KEYS */;
UNLOCK TABLES;

--
-- Table structure for table `parts`
--

DROP TABLE IF EXISTS `parts`;
/*!40101 SET @saved_cs_client     = @@character_set_client */;
/*!40101 SET character_set_client = utf8 */;
CREATE TABLE `parts` (
  `id` int(10) unsigned NOT NULL AUTO_INCREMENT,
  `name` varchar(191) COLLATE utf8mb4_unicode_ci NOT NULL,
  `created_at` timestamp NULL DEFAULT NULL,
  `updated_at` timestamp NULL DEFAULT NULL,
  PRIMARY KEY (`id`)
) ENGINE=InnoDB AUTO_INCREMENT=12 DEFAULT CHARSET=utf8mb4 COLLATE=utf8mb4_unicode_ci;
/*!40101 SET character_set_client = @saved_cs_client */;

--
-- Dumping data for table `parts`
--

LOCK TABLES `parts` WRITE;
/*!40000 ALTER TABLE `parts` DISABLE KEYS */;
INSERT INTO `parts` VALUES (1,'Display','2019-10-29 10:57:50','2019-10-29 10:57:50'),(2,'Battery','2019-10-29 10:57:50','2019-10-29 10:57:50'),(3,'Side Buttons','2019-10-29 10:57:50','2019-10-29 10:57:50'),(4,'Vibration motor','2019-10-29 10:57:50','2019-10-29 10:57:50'),(5,'Home-button','2019-10-29 10:57:50','2019-10-29 10:57:50'),(6,'Front-camera','2019-10-29 10:57:50','2019-10-29 10:57:50'),(7,'Main-camera','2019-10-29 10:57:50','2019-10-29 10:57:50'),(8,'3D Folie','2019-11-08 08:17:37','2019-11-08 08:17:37'),(9,'XR/11','2019-11-08 08:19:13','2019-11-08 08:19:13'),(10,'Glasfolie','2019-11-08 08:32:29','2019-11-08 08:32:29'),(11,'UHD Display','2019-12-05 13:52:58','2019-12-05 13:52:58');
/*!40000 ALTER TABLE `parts` ENABLE KEYS */;
UNLOCK TABLES;

--
-- Table structure for table `password_resets`
--

DROP TABLE IF EXISTS `password_resets`;
/*!40101 SET @saved_cs_client     = @@character_set_client */;
/*!40101 SET character_set_client = utf8 */;
CREATE TABLE `password_resets` (
  `email` varchar(191) COLLATE utf8mb4_unicode_ci NOT NULL,
  `token` varchar(191) COLLATE utf8mb4_unicode_ci NOT NULL,
  `created_at` timestamp NOT NULL DEFAULT CURRENT_TIMESTAMP ON UPDATE CURRENT_TIMESTAMP,
  KEY `password_resets_email_index` (`email`),
  KEY `password_resets_token_index` (`token`)
) ENGINE=InnoDB DEFAULT CHARSET=utf8mb4 COLLATE=utf8mb4_unicode_ci;
/*!40101 SET character_set_client = @saved_cs_client */;

--
-- Dumping data for table `password_resets`
--

LOCK TABLES `password_resets` WRITE;
/*!40000 ALTER TABLE `password_resets` DISABLE KEYS */;
/*!40000 ALTER TABLE `password_resets` ENABLE KEYS */;
UNLOCK TABLES;

--
-- Table structure for table `payment_types`
--

DROP TABLE IF EXISTS `payment_types`;
/*!40101 SET @saved_cs_client     = @@character_set_client */;
/*!40101 SET character_set_client = utf8 */;
CREATE TABLE `payment_types` (
  `id` int(10) unsigned NOT NULL AUTO_INCREMENT,
  `name` varchar(191) COLLATE utf8mb4_unicode_ci NOT NULL,
  `created_at` timestamp NULL DEFAULT NULL,
  `updated_at` timestamp NULL DEFAULT NULL,
  PRIMARY KEY (`id`)
) ENGINE=InnoDB AUTO_INCREMENT=3 DEFAULT CHARSET=utf8mb4 COLLATE=utf8mb4_unicode_ci;
/*!40101 SET character_set_client = @saved_cs_client */;

--
-- Dumping data for table `payment_types`
--

LOCK TABLES `payment_types` WRITE;
/*!40000 ALTER TABLE `payment_types` DISABLE KEYS */;
INSERT INTO `payment_types` VALUES (1,'Cash','2019-10-29 10:57:51','2019-10-29 10:57:51'),(2,'Card','2019-10-29 10:57:51','2019-10-29 10:57:51');
/*!40000 ALTER TABLE `payment_types` ENABLE KEYS */;
UNLOCK TABLES;

--
-- Table structure for table `people`
--

DROP TABLE IF EXISTS `people`;
/*!40101 SET @saved_cs_client     = @@character_set_client */;
/*!40101 SET character_set_client = utf8 */;
CREATE TABLE `people` (
  `id` int(10) unsigned NOT NULL AUTO_INCREMENT,
  `name` varchar(191) COLLATE utf8mb4_unicode_ci DEFAULT NULL,
  `phone` varchar(191) COLLATE utf8mb4_unicode_ci DEFAULT NULL,
  `address` varchar(191) COLLATE utf8mb4_unicode_ci DEFAULT NULL,
  `created_at` timestamp NULL DEFAULT NULL,
  `updated_at` timestamp NULL DEFAULT NULL,
  PRIMARY KEY (`id`)
) ENGINE=InnoDB AUTO_INCREMENT=258 DEFAULT CHARSET=utf8mb4 COLLATE=utf8mb4_unicode_ci;
/*!40101 SET character_set_client = @saved_cs_client */;

--
-- Dumping data for table `people`
--

LOCK TABLES `people` WRITE;
/*!40000 ALTER TABLE `people` DISABLE KEYS */;
INSERT INTO `people` VALUES (1,'Mustafa','+43 1 3694001','Wagramerstraße 94','2019-10-29 10:57:49','2019-10-29 10:57:49'),(2,'Support Relist','067762337470',NULL,'2019-10-29 11:03:40','2019-10-29 11:03:40'),(3,'Dennis Lippka','06764107979',NULL,'2019-10-29 13:07:20','2019-10-29 13:07:20'),(4,'Shayan','06603245631',NULL,'2019-10-29 13:08:29','2019-10-29 13:08:29'),(5,'Martina Moser','06764546758',NULL,'2019-10-29 13:14:04','2019-10-29 13:14:04'),(6,'Jana Schwab','06771954194',NULL,'2019-10-29 13:15:30','2019-10-29 13:15:30'),(7,'Tisch','0667346251',NULL,'2019-10-29 13:18:06','2019-10-29 13:18:06'),(8,'Herbert Akammer','06764600840',NULL,'2019-10-29 13:21:18','2019-10-29 13:21:18'),(9,'Kresimir Josic','068120727580',NULL,'2019-10-29 13:24:12','2019-10-29 13:24:12'),(10,'Wolfrahm Jochaim','06769552250',NULL,'2019-10-29 13:27:36','2019-10-29 13:27:36'),(11,'Liskar','0699018796679',NULL,'2019-10-29 13:32:57','2019-10-29 13:32:57'),(12,'Kranner','06644489255',NULL,'2019-10-29 13:35:46','2019-10-29 13:35:46'),(13,'Ulielkowski','068110456776',NULL,'2019-10-29 13:38:30','2019-10-29 13:38:30'),(14,'nadja Stambuk','+39 3518327270',NULL,'2019-10-29 13:44:08','2019-10-29 13:44:08'),(15,'Mutzbauer','069919573598',NULL,'2019-10-29 13:50:55','2019-10-29 13:50:55'),(16,'Kirchengasse','+4315223397',NULL,'2019-10-29 14:26:51','2019-11-08 09:43:28'),(17,'Sagmeier','06509234575',NULL,'2019-10-29 14:39:28','2019-10-29 14:39:28'),(18,'Farida Dridi','06503830462',NULL,'2019-10-29 16:22:13','2019-10-29 16:22:13'),(19,'Anna Turnovsky','06649505504',NULL,'2019-10-29 16:23:56','2019-10-29 16:23:56'),(20,'Hertanu','069913107701',NULL,'2019-10-29 16:26:09','2019-10-29 16:26:09'),(21,'Andreas','06641310282',NULL,'2019-10-29 16:31:40','2019-10-29 16:31:40'),(22,'Horvath Janine','06508316071',NULL,'2019-10-29 16:34:37','2019-10-29 16:34:37'),(23,'aydin','066421088436',NULL,'2019-10-29 16:37:46','2019-10-29 16:37:46'),(24,'lastro','06765093477',NULL,'2019-10-29 17:53:30','2019-10-29 17:53:30'),(25,'Squelor','+43 664 530 57 60',NULL,'2019-10-30 10:29:35','2019-10-30 10:29:35'),(26,'Chum daniel','+43 676 811 848 699',NULL,'2019-10-30 10:36:16','2019-10-30 10:36:16'),(27,'Scharl Josef','+43 676 738 69 34',NULL,'2019-10-30 11:06:36','2019-10-30 11:06:36'),(28,'Aldrian Michaela','+43 680 236 40 71',NULL,'2019-10-30 11:12:38','2019-10-30 11:12:38'),(29,'Bernhard Pürer','+43 664 623 57 28',NULL,'2019-10-30 11:15:38','2019-10-30 11:15:38'),(30,'Christian Koch','+43 699 119 312 93',NULL,'2019-10-30 11:18:02','2019-10-30 11:18:02'),(31,'Krigler Michael','+43 664 425 52 78',NULL,'2019-10-30 11:20:29','2019-10-30 11:20:29'),(32,'Bruckner','+43 699 197 413 57',NULL,'2019-10-30 11:24:54','2019-10-30 11:24:54'),(33,'Sagmeister','0664 888 70 336',NULL,'2019-10-30 12:43:28','2019-10-30 12:43:28'),(34,'johan kocjan','samsung s8 datenrettung',NULL,'2019-10-30 14:52:15','2019-10-30 14:52:15'),(35,'fritz','06604154912',NULL,'2019-10-30 14:54:41','2019-10-30 14:54:41'),(36,'Erhan Kartal','069910194994',NULL,'2019-10-30 16:44:59','2019-10-30 16:44:59'),(37,'schmidt maurene','069911260404',NULL,'2019-10-31 07:55:08','2019-10-31 07:55:08'),(38,'Zingl','+43 664 27466645',NULL,'2019-11-04 09:15:14','2019-11-04 09:15:14'),(39,'eser','+43 650 203 20 75',NULL,'2019-11-04 09:20:17','2019-11-04 09:20:17'),(40,'Senk','+43 699 12 33 1997',NULL,'2019-11-04 09:22:53','2019-11-04 09:22:53'),(41,'Caroline','+43 699 119 50 970',NULL,'2019-11-04 09:55:48','2019-11-04 09:55:48'),(42,'Nadja Fiala','+43 699 100 21 751',NULL,'2019-11-04 10:17:48','2019-11-04 10:17:48'),(43,'Walter','0664 3815428',NULL,'2019-11-06 10:13:15','2019-11-06 10:13:15'),(44,'Macho','+43 676 317 00 93',NULL,'2019-11-06 13:37:32','2019-11-06 13:37:32'),(45,'Brigitte Haumer','069911725350',NULL,'2019-11-06 13:38:49','2019-11-06 13:38:49'),(46,'Strauß','067761584927',NULL,'2019-11-06 13:54:02','2019-11-06 13:54:02'),(47,'Marta Dabeli','069910959515',NULL,'2019-11-06 15:22:42','2019-11-06 15:22:42'),(48,'Tom Thompson','+43 1 23456789','Brigittenau 1','2019-11-06 20:05:32','2019-11-06 20:05:32'),(49,'Nadja Fiala','069910021751',NULL,'2019-11-07 15:06:35','2019-11-07 15:06:35'),(50,'Frederc TOEMBÖEL','+43 680 23 23 586',NULL,'2019-11-07 15:38:13','2019-11-07 15:38:13'),(51,'DR. Truskolaski','0676 3262981',NULL,'2019-11-08 08:14:05','2019-11-08 08:14:05'),(52,'Frederig Tubzeian','0664814031',NULL,'2019-11-09 11:19:40','2019-11-09 11:19:40'),(53,'frederig Tubzeian','06645380335',NULL,'2019-11-09 11:22:33','2019-11-09 11:22:33'),(54,'Herbert HAUER','+43 6766657071',NULL,'2019-11-09 12:02:04','2019-11-09 12:02:04'),(55,'Dr Sivkovic','66453551664',NULL,'2019-11-09 12:02:11','2019-11-09 12:02:11'),(56,'umfried Elena','0699 150 69 864',NULL,'2019-11-09 13:26:42','2019-11-09 13:26:42'),(57,'Szilard Magyari','06764903355',NULL,'2019-11-09 16:12:00','2019-11-09 16:12:00'),(59,'Denis','+43 4445 333333333',NULL,'2019-11-10 11:08:14','2019-11-10 11:08:14'),(60,'Denis','+43 4444 3333333',NULL,'2019-11-10 11:09:18','2019-11-10 11:09:18'),(61,'Denis','+43 4343 4343422',NULL,'2019-11-11 07:34:38','2019-11-11 07:34:38'),(62,'FISCHER simone','069912810930',NULL,'2019-11-11 08:42:29','2019-11-11 08:42:29'),(63,'MOTO LASTRO','06765093477',NULL,'2019-11-11 11:48:50','2019-11-11 11:48:50'),(64,'Ulver Harald','066488341077',NULL,'2019-11-11 18:11:56','2019-11-11 18:11:56'),(65,'moroalos mendez','0699 1057 4325',NULL,'2019-11-12 12:11:16','2019-11-12 12:11:16'),(66,'Oberwagner','06763945128',NULL,'2019-11-12 13:18:58','2019-11-12 13:18:58'),(67,'Schwarzinger Lukas','0660 4216 388',NULL,'2019-11-12 16:19:05','2019-11-12 16:19:05'),(68,'Fr Zivic','06642000048',NULL,'2019-11-13 10:07:01','2019-11-13 10:07:01'),(69,'ahmad abd elazez','06781222683',NULL,'2019-11-14 14:36:43','2019-11-14 14:36:43'),(70,'Noemi Horvat Katai','06641445544',NULL,'2019-11-14 14:40:48','2019-11-14 14:40:48'),(71,'Andrea Beck','0664 1555383',NULL,'2019-11-14 15:55:04','2019-11-14 15:55:04'),(72,'Patrick Kastner','0676 7317440',NULL,'2019-11-15 08:59:56','2019-11-15 08:59:56'),(73,'Gerwin Kante','0699 13601882',NULL,'2019-11-15 09:56:07','2019-11-15 09:56:07'),(74,'Neuhauser Chris','06645151727',NULL,'2019-11-15 15:25:58','2019-11-15 15:25:58'),(75,'Alexsander Herkner','0650 2834760',NULL,'2019-11-15 16:49:39','2019-11-15 16:49:39'),(76,'Anita Diringer','0681 84452646',NULL,'2019-11-16 09:48:51','2019-11-16 09:48:51'),(77,'Aghaizu','0660 4712 581',NULL,'2019-11-16 09:58:27','2019-11-16 09:59:15'),(78,'Hauer','0660 6664711',NULL,'2019-11-16 11:42:49','2019-11-16 11:42:49'),(79,'herr lang','-',NULL,'2019-11-16 14:09:45','2019-11-16 14:09:45'),(80,'elisabeth esterbauer','06804043684',NULL,'2019-11-16 14:32:04','2019-11-16 14:32:04'),(81,'Tasenca Monica','0699 1121 1459',NULL,'2019-11-16 15:08:07','2019-11-16 15:08:07'),(82,'Lisa Benes','0650 9932265',NULL,'2019-11-16 16:52:30','2019-11-16 16:52:30'),(83,'Maxim Mustermann','12349864635',NULL,'2019-11-17 12:36:17','2019-11-17 12:36:17'),(84,'Martin Kellner','-',NULL,'2019-11-18 08:15:13','2019-11-18 08:15:13'),(85,'Varun','0699 19850001',NULL,'2019-11-18 10:03:35','2019-11-18 10:03:35'),(86,'Niang','-',NULL,'2019-11-18 11:31:49','2019-11-18 11:31:49'),(87,'Kieran Kelletl','068120217572',NULL,'2019-11-18 11:50:57','2019-11-18 11:50:57'),(88,'Roman Neubauer','0664 88680361',NULL,'2019-11-18 12:22:54','2019-11-18 12:22:54'),(89,'Stephanie Portzing','0664 2244526',NULL,'2019-11-18 12:47:49','2019-11-18 12:47:49'),(90,'Brunovici','066021490054',NULL,'2019-11-18 15:32:49','2019-11-18 15:32:49'),(91,'schubert','0699 1966 8316',NULL,'2019-11-18 16:10:10','2019-11-18 16:10:10'),(92,'Van Dongen','068110857991',NULL,'2019-11-18 16:21:31','2019-11-18 16:21:31'),(93,'Nina Yakinova','0660 1305010',NULL,'2019-11-19 17:05:51','2019-11-19 17:05:51'),(94,'friedorig tubzeian','0664 53 80 335',NULL,'2019-11-20 12:31:58','2019-11-20 12:31:58'),(95,'Brychta','0664 3361190',NULL,'2019-11-21 12:06:36','2019-11-21 12:06:36'),(96,'lanvin Hasleitner','06766463799',NULL,'2019-11-21 14:11:09','2019-11-21 14:11:09'),(97,'Sosnowski','+43 699 1000 6017',NULL,'2019-11-21 14:18:58','2019-11-21 14:18:58'),(98,'max Musterman','4567890',NULL,'2019-11-21 18:39:40','2019-11-21 18:39:40'),(99,'Leah Barteit','0650 7438240',NULL,'2019-11-22 11:28:37','2019-11-22 11:28:37'),(100,'Julia Krippel','0664 5007 234',NULL,'2019-11-22 15:50:01','2019-11-22 15:50:01'),(101,'Anna Bull','0664 7553 1252',NULL,'2019-11-23 11:59:14','2019-11-23 11:59:14'),(102,'Kresimir Jozil','+43 681 20727580',NULL,'2019-11-23 13:11:53','2019-11-23 13:11:53'),(103,'Daniel Khinger','0699 1255 49 58',NULL,'2019-11-23 13:14:22','2019-11-23 13:14:22'),(104,'Patricia Wondra','0699 10706313',NULL,'2019-11-23 15:27:58','2019-11-23 15:27:58'),(105,'Maxim Primak','12345364',NULL,'2019-11-24 19:55:24','2019-11-24 19:55:24'),(106,'Coran Elena','+39 3661363105',NULL,'2019-11-25 16:40:35','2019-11-25 16:40:35'),(107,'Ekin Huma Secuirty','0699 17001049',NULL,'2019-11-25 17:13:49','2019-11-25 17:13:49'),(108,'Michael Nemeth','0699 11103815',NULL,'2019-11-26 10:35:34','2019-11-26 10:35:34'),(109,'Hartendorf Christofer','067762303274',NULL,'2019-11-26 16:10:43','2019-11-26 16:10:43'),(110,'Cemper','0676 6175974',NULL,'2019-11-27 08:26:40','2019-11-27 08:26:40'),(111,'Cemper','0676 6175974',NULL,'2019-11-27 08:27:44','2019-11-27 08:27:44'),(112,'Martin Kellner','0664 3750030',NULL,'2019-11-27 08:38:27','2019-11-27 08:38:27'),(113,'Fuchs','066473864123',NULL,'2019-11-27 11:34:10','2019-11-27 11:34:10'),(114,'Jasmin Spettel','0650 7435556',NULL,'2019-11-27 12:12:16','2019-11-27 12:12:16'),(115,'Ursachi Lonel','+436508969696',NULL,'2019-11-27 12:19:54','2019-11-27 12:19:54'),(116,'Karl Götz','0676 9354722',NULL,'2019-11-27 12:50:09','2019-11-27 12:50:09'),(117,'Robert Janike','06642545590',NULL,'2019-11-27 13:33:27','2019-11-27 13:33:27'),(118,'Papalecca','-',NULL,'2019-11-28 08:16:04','2019-11-28 08:16:04'),(119,'Wokurek','06648368884',NULL,'2019-11-28 11:58:52','2019-11-28 11:58:52'),(120,'Iren Puster','06767828228',NULL,'2019-11-28 12:13:37','2019-11-28 12:13:37'),(121,'Gratzer Silke','0650 826 3456',NULL,'2019-11-28 16:39:13','2019-11-28 16:39:13'),(122,'Elisabeth Hegyi','06802357412',NULL,'2019-11-28 16:51:37','2019-11-28 16:51:37'),(123,'Elisabeth Hegyi','0680 2357412',NULL,'2019-11-29 09:07:58','2019-11-29 09:07:58'),(124,'Krill Gerald','0660 4926979',NULL,'2019-11-29 11:20:54','2019-11-29 11:20:54'),(125,'Dominik Sezemsky','06502832307',NULL,'2019-11-29 11:37:34','2019-11-29 11:37:34'),(126,'Noah Nasr El din','0660 533 2522',NULL,'2019-11-29 11:59:34','2019-12-03 14:58:52'),(127,'MINIS','06766831711',NULL,'2019-11-30 10:02:25','2019-11-30 10:02:25'),(128,'Alexander Mayor','0676 74 54 868',NULL,'2019-11-30 12:13:43','2019-11-30 12:13:43'),(129,'Major','0676 454868',NULL,'2019-12-02 08:57:54','2019-12-02 08:57:54'),(130,'Breuer Stephanie','0664 5233 864',NULL,'2019-12-02 10:34:23','2019-12-02 10:34:23'),(131,'Theodor Sukowsky','01 706 14 40',NULL,'2019-12-02 10:36:08','2019-12-02 10:36:08'),(132,'Sadi','0660 6762657',NULL,'2019-12-02 10:37:46','2019-12-02 10:37:46'),(133,'Veronica Soria','0650 4416 277',NULL,'2019-12-02 10:39:36','2019-12-02 10:39:36'),(134,'Seterovic Semin','/',NULL,'2019-12-02 11:31:57','2019-12-02 11:31:57'),(135,'Kamilch Helga','0664 450 4897',NULL,'2019-12-02 12:40:17','2019-12-02 12:40:17'),(136,'GALLATI','06643583727',NULL,'2019-12-02 13:57:46','2019-12-02 13:57:46'),(137,'Ratzinger','0660 4737045',NULL,'2019-12-02 14:35:30','2019-12-02 14:35:30'),(138,'Nemeth Michael','0699 11103815',NULL,'2019-12-02 16:16:58','2019-12-02 16:16:58'),(139,'Wisgrill','+43 650 812 47 07',NULL,'2019-12-03 08:07:00','2019-12-03 08:07:00'),(140,'Daniel Nedeljkov','0664 1394000',NULL,'2019-12-03 09:47:38','2019-12-03 09:47:38'),(141,'Daniel Nedeljkov','0664 1394000',NULL,'2019-12-03 09:50:42','2019-12-03 09:50:42'),(142,'frau ströck','069914561231',NULL,'2019-12-03 09:55:09','2019-12-03 09:55:09'),(143,'Pascal Hagl','keine',NULL,'2019-12-03 09:58:37','2019-12-03 09:58:37'),(144,'Puthuppally','069912592513',NULL,'2019-12-03 16:26:09','2019-12-03 16:26:09'),(145,'Zehetleitner Sylvia','06502151190',NULL,'2019-12-03 17:13:08','2019-12-03 17:13:08'),(146,'Andreas Haider','06763116400',NULL,'2019-12-03 17:28:33','2019-12-03 17:28:33'),(147,'Michael Trimmel','+43 6060 670 20 13',NULL,'2019-12-04 08:00:38','2019-12-04 08:00:38'),(148,'Stampach','0664 39 63 150',NULL,'2019-12-04 13:21:40','2019-12-04 13:21:40'),(149,'Elisabeht Hegyi','0680 5063443',NULL,'2019-12-04 14:10:54','2019-12-07 10:45:59'),(150,'Gigane Grekulovic','068110731713',NULL,'2019-12-05 09:21:28','2019-12-05 09:21:28'),(151,'pantelic slobodanka','06767730817',NULL,'2019-12-05 11:14:10','2019-12-05 11:14:10'),(152,'abazi zekir','0676 9391004',NULL,'2019-12-05 13:32:36','2019-12-05 13:32:36'),(153,'Sonja Orschlik','069918132966',NULL,'2019-12-05 16:16:41','2019-12-05 16:16:41'),(154,'Alexander Mayer','0676 7454868',NULL,'2019-12-06 08:05:19','2019-12-06 08:05:19'),(155,'Claudia Ehrentraut','0664 4668779',NULL,'2019-12-06 13:06:17','2019-12-06 13:06:17'),(156,'Gaitzenauer','0676 6009955',NULL,'2019-12-07 13:50:52','2019-12-07 13:50:52'),(157,'Salmeister','066488870306',NULL,'2019-12-07 15:53:32','2019-12-07 15:53:32'),(158,'Iyagber','06604234522',NULL,'2019-12-09 08:34:35','2019-12-09 08:34:35'),(159,'Torma','-',NULL,'2019-12-09 08:59:54','2019-12-09 08:59:54'),(160,'Oliver Sheppard','0664 1236550',NULL,'2019-12-09 14:46:45','2019-12-09 14:46:45'),(161,'Samanta Zekic','0660 4841602',NULL,'2019-12-10 15:15:24','2019-12-10 15:15:24'),(162,'Röder Helmut','0699 10562151',NULL,'2019-12-10 16:57:40','2019-12-10 16:57:40'),(163,'Kurt Kunkewycz','0664 4645 224',NULL,'2019-12-11 11:11:35','2019-12-11 11:11:35'),(164,'Schabauer','67763104048',NULL,'2019-12-11 13:16:09','2019-12-11 13:16:09'),(165,'Baar Christian','0699 1791 1941',NULL,'2019-12-11 17:31:57','2019-12-11 17:31:57'),(166,'Frau Bojana Djukanovic','0699 11950693',NULL,'2019-12-11 18:35:26','2019-12-11 18:35:26'),(167,'Ing NASR','0664 1944 906 / 0664 3514 565',NULL,'2019-12-12 13:15:09','2019-12-12 13:15:09'),(168,'BLÜNER ERNST','6769067778',NULL,'2019-12-12 14:41:39','2019-12-12 14:41:39'),(169,'Sirgin Urlep','0650 985 2614',NULL,'2019-12-13 13:47:23','2019-12-13 13:47:23'),(170,'Igor Torres','0676 9433 854',NULL,'2019-12-13 17:24:15','2019-12-13 17:24:15'),(171,'Enzo Alimone','0660 1234753',NULL,'2019-12-14 13:58:54','2019-12-14 13:58:54'),(172,'Mia Mayer','0660 3871838',NULL,'2019-12-17 10:08:11','2019-12-17 10:08:11'),(173,'Lucas Burzin','06647836964',NULL,'2019-12-17 10:17:35','2019-12-17 10:17:35'),(174,'Daniel Sallfert','06645270313',NULL,'2019-12-17 12:32:52','2019-12-17 12:32:52'),(175,'Kristian','06767429157',NULL,'2019-12-17 16:27:03','2019-12-17 16:27:03'),(176,'Nagy','0660 837 49 43',NULL,'2019-12-18 10:10:26','2019-12-18 10:10:26'),(177,'Flurim Interspar','0681 20699699',NULL,'2019-12-19 08:17:08','2019-12-19 08:17:08'),(178,'Alex','06642561281',NULL,'2019-12-19 13:54:51','2019-12-19 13:54:51'),(179,'Stephanie Weidinger','066488281222',NULL,'2019-12-19 14:48:11','2019-12-19 14:48:11'),(180,'Melanie Lauschke','0660 2244 706',NULL,'2019-12-20 08:10:28','2019-12-20 08:10:28'),(181,'Gasselich','0676 407 1054',NULL,'2019-12-20 10:17:49','2019-12-20 10:17:49'),(182,'Div','06608058838',NULL,'2019-12-21 12:50:18','2019-12-21 12:50:18'),(183,'Mathias Fehervary','0676 4115829',NULL,'2019-12-23 11:37:40','2019-12-23 11:37:40'),(184,'FA. Quester','iPhone XR',NULL,'2019-12-23 13:04:43','2019-12-23 13:04:43'),(185,'Thomas','0660 660 83 517',NULL,'2019-12-23 17:35:40','2019-12-23 17:35:40'),(186,'Weiblechner','06776 222 1819',NULL,'2019-12-27 09:46:19','2019-12-27 09:46:19'),(187,'Kappez Claudia','0660 5857552',NULL,'2019-12-27 16:28:13','2019-12-27 16:28:13'),(188,'Perlz Darleen','0676 5711 735',NULL,'2019-12-27 16:54:07','2019-12-27 16:54:07'),(189,'nell christian','06649261027',NULL,'2019-12-28 08:21:20','2019-12-28 08:21:20'),(190,'Tina Balisi','0699 11141969',NULL,'2019-12-28 14:26:42','2019-12-28 14:26:42'),(191,'Schreiner Jasmin','0699 10610992',NULL,'2019-12-28 14:42:42','2019-12-28 14:42:42'),(192,'Weiß','0664 466 2112',NULL,'2019-12-28 15:27:27','2019-12-28 15:27:27'),(193,'Suren','+421 91763 1510',NULL,'2019-12-28 15:29:53','2019-12-28 15:29:53'),(194,'Buchl Alexandra','0676 7253053',NULL,'2019-12-28 15:47:20','2019-12-28 15:47:20'),(195,'Julia Kripper','0664 5007 234',NULL,'2019-12-30 10:53:36','2019-12-30 10:53:36'),(196,'sebastian hild','0664 1163 260',NULL,'2019-12-30 13:56:00','2019-12-30 13:56:00'),(197,'Daniel SINN','0660 88 000 72',NULL,'2019-12-30 15:23:35','2019-12-30 15:23:35'),(198,'Bartl Gertrude','0664 344 4417',NULL,'2019-12-30 16:23:22','2019-12-30 16:23:22'),(199,'Sazana Holzstand','0676 9124382',NULL,'2019-12-31 10:37:37','2019-12-31 10:37:37'),(200,'Olivera Stankovic','0660 6170292',NULL,'2020-01-02 11:00:40','2020-01-02 11:00:40'),(201,'Abel Haffner','0676 655 9632',NULL,'2020-01-02 12:37:46','2020-01-02 12:37:46'),(202,'sözer','0699 1257 5450',NULL,'2020-01-02 12:39:21','2020-01-02 12:39:21'),(203,'Fleihaus','0664 32 19 433',NULL,'2020-01-02 13:09:07','2020-01-02 13:09:07'),(204,'Christoph Krahxy','0660 547 45 45',NULL,'2020-01-02 13:28:41','2020-01-02 13:28:41'),(205,'Fetik sabine','069917710079',NULL,'2020-01-02 16:25:21','2020-01-02 16:25:21'),(206,'Slewa Nano','06604524950',NULL,'2020-01-03 08:57:45','2020-01-03 08:57:45'),(207,'Reithofer Wichen','670 403 6078',NULL,'2020-01-03 13:06:24','2020-01-03 13:06:24'),(208,'Gruendler','+43 664 662 88 43',NULL,'2020-01-03 13:24:25','2020-01-03 13:24:25'),(209,'Tobias Schiller','0664 44 80 677',NULL,'2020-01-03 13:33:03','2020-01-03 13:33:03'),(210,'Isabella Tomic','06801501647',NULL,'2020-01-04 13:18:40','2020-01-04 13:18:40'),(211,'Benita Hodzic','0676 627 5705',NULL,'2020-01-04 14:53:51','2020-01-04 14:53:51'),(212,'Melike Yilmaz','0699 11455 665',NULL,'2020-01-04 14:56:38','2020-01-04 14:56:38'),(213,'Walketseber','01/2025056',NULL,'2020-01-07 11:10:33','2020-01-07 11:10:33'),(214,'Blitz Blank GmbH','0664 5312181',NULL,'2020-01-07 11:12:31','2020-01-07 11:12:31'),(215,'Dominik Panner','0043 676 94 97 444',NULL,'2020-01-07 17:32:41','2020-01-07 17:32:41'),(216,'Max Mustermann','+43123456789',NULL,'2020-01-08 08:05:08','2020-01-08 08:05:08'),(217,'Andrea Havlikova','066480090229',NULL,'2020-01-08 08:51:56','2020-01-08 08:51:56'),(218,'Andrea Havlikova','0664 80090229',NULL,'2020-01-08 08:53:52','2020-01-08 08:53:52'),(219,'lukas schwidt','0660 161 2225',NULL,'2020-01-08 09:45:08','2020-01-08 09:45:08'),(220,'Schottner','068184537715',NULL,'2020-01-08 14:39:54','2020-01-13 16:46:53'),(221,'Mewsik Christiaw','0677 63 2211 35',NULL,'2020-01-09 12:29:30','2020-01-09 12:29:30'),(222,'Sara Ademovic','06776294100',NULL,'2020-01-09 13:27:05','2020-01-09 13:27:05'),(223,'Patrik  Howanisz','0660 86 33 539',NULL,'2020-01-09 13:50:29','2020-01-09 13:50:29'),(224,'Wissinger','0699 18 46 54 92',NULL,'2020-01-10 09:37:03','2020-01-10 09:37:03'),(225,'Walter','0664 5166864',NULL,'2020-01-10 11:29:42','2020-01-10 11:29:42'),(226,'Michael Graf','06801487390',NULL,'2020-01-10 14:57:18','2020-01-10 14:57:18'),(227,'Blerenda Kaba','066475459052',NULL,'2020-01-13 11:08:06','2020-01-13 11:08:06'),(228,'Salomon','06641331515',NULL,'2020-01-13 11:33:56','2020-01-13 11:33:56'),(229,'Gruze','06606428399',NULL,'2020-01-13 12:45:10','2020-01-13 12:45:10'),(230,'Duregger','069919710196',NULL,'2020-01-13 15:49:54','2020-01-13 15:49:54'),(231,'Fa Quester','6648368884',NULL,'2020-01-13 16:20:21','2020-01-13 16:20:21'),(232,'Gasselicht','06764071054',NULL,'2020-01-14 11:40:54','2020-01-14 11:40:54'),(233,'reindl','067604052376',NULL,'2020-01-14 12:01:59','2020-01-14 12:01:59'),(234,'Schliesser','0664 6373 262',NULL,'2020-01-14 17:10:00','2020-01-14 17:10:00'),(235,'Peball','5455659',NULL,'2020-01-14 17:10:54','2020-01-14 17:10:54'),(236,'Klara Egger','0660 1760 266',NULL,'2020-01-14 17:12:00','2020-01-14 17:12:00'),(237,'Sandler','06606512295',NULL,'2020-01-15 12:03:25','2020-01-15 12:03:25'),(238,'Maria Pawlak','0664 8472923',NULL,'2020-01-15 13:38:33','2020-01-15 13:38:33'),(239,'Steininger','0664 4866 913',NULL,'2020-01-15 18:00:51','2020-01-15 18:00:51'),(240,'Wandl Bernd','0664804701357',NULL,'2020-01-21 08:19:35','2020-01-21 08:19:35'),(241,'Facundo Perdomo','+59891061413',NULL,'2020-01-21 08:21:38','2020-01-21 08:21:38'),(242,'Fehervary Matthias','0676 4115829',NULL,'2020-01-21 10:55:47','2020-01-21 10:55:47'),(243,'Lochmatter','0650 7000 888',NULL,'2020-01-21 11:22:48','2020-01-21 11:22:48'),(244,'Roy Moigna','06764449286',NULL,'2020-01-21 11:54:19','2020-01-21 11:54:19'),(245,'Kaiser Nicole','06769204775',NULL,'2020-01-21 12:49:34','2020-01-21 12:49:34'),(246,'Gabriel Schröder','067761148358',NULL,'2020-01-21 13:51:01','2020-01-21 13:51:01'),(247,'Gabriel Schrödel','066761148358',NULL,'2020-01-21 15:51:57','2020-01-21 15:51:57'),(248,'Patrik Howanitz','0660 8633 539',NULL,'2020-01-21 16:40:21','2020-01-21 16:40:21'),(249,'Mato Lastro','06765093477',NULL,'2020-01-21 18:25:55','2020-01-21 18:25:55'),(250,'Vanessa Horak','0681 81944768',NULL,'2020-01-24 08:23:20','2020-01-24 08:23:20'),(251,'Netolicky','0676 5143979',NULL,'2020-01-24 08:24:37','2020-01-24 08:24:37'),(252,'Memis','0676 6831711',NULL,'2020-01-24 08:26:59','2020-01-24 08:26:59'),(253,'Mollner','0650 9746266',NULL,'2020-01-24 08:27:55','2020-01-24 08:27:55'),(254,'virginia','0660 7874 045',NULL,'2020-01-24 10:46:39','2020-01-24 10:46:39'),(255,'Mira Steinbeck','0699 10 144 197',NULL,'2020-01-24 10:48:21','2020-01-24 10:48:21'),(256,'David Zahradnik','0660 2962571',NULL,'2020-01-25 09:42:50','2020-01-25 09:42:50'),(257,'Malagic Alen','0664 5214554',NULL,'2020-01-25 15:52:51','2020-01-25 15:52:51');
/*!40000 ALTER TABLE `people` ENABLE KEYS */;
UNLOCK TABLES;

--
-- Table structure for table `rechnung_hand_difs`
--

DROP TABLE IF EXISTS `rechnung_hand_difs`;
/*!40101 SET @saved_cs_client     = @@character_set_client */;
/*!40101 SET character_set_client = utf8 */;
CREATE TABLE `rechnung_hand_difs` (
  `id` bigint(20) unsigned NOT NULL AUTO_INCREMENT,
  `number` varchar(191) COLLATE utf8mb4_unicode_ci DEFAULT NULL,
  `date` varchar(191) COLLATE utf8mb4_unicode_ci DEFAULT NULL,
  `shop` varchar(191) COLLATE utf8mb4_unicode_ci DEFAULT NULL,
  `shop_tel` varchar(191) COLLATE utf8mb4_unicode_ci DEFAULT NULL,
  `shop_email` varchar(191) COLLATE utf8mb4_unicode_ci DEFAULT NULL,
  `web` varchar(191) COLLATE utf8mb4_unicode_ci DEFAULT NULL,
  `kundenbetreuer` varchar(191) COLLATE utf8mb4_unicode_ci DEFAULT NULL,
  `zahlungsmodalitat` varchar(191) COLLATE utf8mb4_unicode_ci DEFAULT NULL,
  `kunde` varchar(191) COLLATE utf8mb4_unicode_ci DEFAULT NULL,
  `kunde_tel` varchar(191) COLLATE utf8mb4_unicode_ci DEFAULT NULL,
  `kunde_email` varchar(191) COLLATE utf8mb4_unicode_ci DEFAULT NULL,
  `text_head` varchar(191) COLLATE utf8mb4_unicode_ci DEFAULT NULL,
  `text_body` varchar(191) COLLATE utf8mb4_unicode_ci DEFAULT NULL,
  `created_at` timestamp NULL DEFAULT NULL,
  `updated_at` timestamp NULL DEFAULT NULL,
  PRIMARY KEY (`id`)
) ENGINE=InnoDB DEFAULT CHARSET=utf8mb4 COLLATE=utf8mb4_unicode_ci;
/*!40101 SET character_set_client = @saved_cs_client */;

--
-- Dumping data for table `rechnung_hand_difs`
--

LOCK TABLES `rechnung_hand_difs` WRITE;
/*!40000 ALTER TABLE `rechnung_hand_difs` DISABLE KEYS */;
/*!40000 ALTER TABLE `rechnung_hand_difs` ENABLE KEYS */;
UNLOCK TABLES;

--
-- Table structure for table `rechnung_items`
--

DROP TABLE IF EXISTS `rechnung_items`;
/*!40101 SET @saved_cs_client     = @@character_set_client */;
/*!40101 SET character_set_client = utf8 */;
CREATE TABLE `rechnung_items` (
  `id` bigint(20) unsigned NOT NULL AUTO_INCREMENT,
  `artikelbeschreibung` varchar(191) COLLATE utf8mb4_unicode_ci NOT NULL,
  `menge` int(11) NOT NULL,
  `preis` double NOT NULL,
  `rechnung_id` bigint(20) unsigned DEFAULT NULL,
  `created_at` timestamp NULL DEFAULT NULL,
  `updated_at` timestamp NULL DEFAULT NULL,
  PRIMARY KEY (`id`),
  KEY `rechnung_items_rechnung_id_foreign` (`rechnung_id`),
  CONSTRAINT `rechnung_items_rechnung_id_foreign` FOREIGN KEY (`rechnung_id`) REFERENCES `rechnung_hand_difs` (`id`)
) ENGINE=InnoDB DEFAULT CHARSET=utf8mb4 COLLATE=utf8mb4_unicode_ci;
/*!40101 SET character_set_client = @saved_cs_client */;

--
-- Dumping data for table `rechnung_items`
--

LOCK TABLES `rechnung_items` WRITE;
/*!40000 ALTER TABLE `rechnung_items` DISABLE KEYS */;
/*!40000 ALTER TABLE `rechnung_items` ENABLE KEYS */;
UNLOCK TABLES;

--
-- Table structure for table `repair_order_has_goods`
--

DROP TABLE IF EXISTS `repair_order_has_goods`;
/*!40101 SET @saved_cs_client     = @@character_set_client */;
/*!40101 SET character_set_client = utf8 */;
CREATE TABLE `repair_order_has_goods` (
  `id` bigint(20) unsigned NOT NULL AUTO_INCREMENT,
  `order_id` bigint(20) NOT NULL,
  `good_id` bigint(20) NOT NULL,
  `created_at` timestamp NULL DEFAULT NULL,
  `updated_at` timestamp NULL DEFAULT NULL,
  PRIMARY KEY (`id`)
) ENGINE=InnoDB DEFAULT CHARSET=utf8mb4 COLLATE=utf8mb4_unicode_ci;
/*!40101 SET character_set_client = @saved_cs_client */;

--
-- Dumping data for table `repair_order_has_goods`
--

LOCK TABLES `repair_order_has_goods` WRITE;
/*!40000 ALTER TABLE `repair_order_has_goods` DISABLE KEYS */;
/*!40000 ALTER TABLE `repair_order_has_goods` ENABLE KEYS */;
UNLOCK TABLES;

--
-- Table structure for table `repair_order_has_services`
--

DROP TABLE IF EXISTS `repair_order_has_services`;
/*!40101 SET @saved_cs_client     = @@character_set_client */;
/*!40101 SET character_set_client = utf8 */;
CREATE TABLE `repair_order_has_services` (
  `id` bigint(20) unsigned NOT NULL AUTO_INCREMENT,
  `order_id` bigint(20) NOT NULL,
  `service_id` bigint(20) NOT NULL,
  `created_at` timestamp NULL DEFAULT NULL,
  `updated_at` timestamp NULL DEFAULT NULL,
  PRIMARY KEY (`id`)
) ENGINE=InnoDB DEFAULT CHARSET=utf8mb4 COLLATE=utf8mb4_unicode_ci;
/*!40101 SET character_set_client = @saved_cs_client */;

--
-- Dumping data for table `repair_order_has_services`
--

LOCK TABLES `repair_order_has_services` WRITE;
/*!40000 ALTER TABLE `repair_order_has_services` DISABLE KEYS */;
/*!40000 ALTER TABLE `repair_order_has_services` ENABLE KEYS */;
UNLOCK TABLES;

--
-- Table structure for table `repair_order_has_warranties`
--

DROP TABLE IF EXISTS `repair_order_has_warranties`;
/*!40101 SET @saved_cs_client     = @@character_set_client */;
/*!40101 SET character_set_client = utf8 */;
CREATE TABLE `repair_order_has_warranties` (
  `id` bigint(20) unsigned NOT NULL AUTO_INCREMENT,
  `order_id` bigint(20) NOT NULL,
  `warranty_id` bigint(20) NOT NULL,
  `created_at` timestamp NULL DEFAULT NULL,
  `updated_at` timestamp NULL DEFAULT NULL,
  PRIMARY KEY (`id`)
) ENGINE=InnoDB DEFAULT CHARSET=utf8mb4 COLLATE=utf8mb4_unicode_ci;
/*!40101 SET character_set_client = @saved_cs_client */;

--
-- Dumping data for table `repair_order_has_warranties`
--

LOCK TABLES `repair_order_has_warranties` WRITE;
/*!40000 ALTER TABLE `repair_order_has_warranties` DISABLE KEYS */;
/*!40000 ALTER TABLE `repair_order_has_warranties` ENABLE KEYS */;
UNLOCK TABLES;

--
-- Table structure for table `repair_order_types`
--

DROP TABLE IF EXISTS `repair_order_types`;
/*!40101 SET @saved_cs_client     = @@character_set_client */;
/*!40101 SET character_set_client = utf8 */;
CREATE TABLE `repair_order_types` (
  `id` bigint(20) unsigned NOT NULL AUTO_INCREMENT,
  `name` varchar(191) COLLATE utf8mb4_unicode_ci NOT NULL,
  `created_at` timestamp NULL DEFAULT NULL,
  `updated_at` timestamp NULL DEFAULT NULL,
  PRIMARY KEY (`id`)
) ENGINE=InnoDB DEFAULT CHARSET=utf8mb4 COLLATE=utf8mb4_unicode_ci;
/*!40101 SET character_set_client = @saved_cs_client */;

--
-- Dumping data for table `repair_order_types`
--

LOCK TABLES `repair_order_types` WRITE;
/*!40000 ALTER TABLE `repair_order_types` DISABLE KEYS */;
/*!40000 ALTER TABLE `repair_order_types` ENABLE KEYS */;
UNLOCK TABLES;

--
-- Table structure for table `repair_orders`
--

DROP TABLE IF EXISTS `repair_orders`;
/*!40101 SET @saved_cs_client     = @@character_set_client */;
/*!40101 SET character_set_client = utf8 */;
CREATE TABLE `repair_orders` (
  `id` bigint(20) unsigned NOT NULL AUTO_INCREMENT,
  `order_id` int(10) unsigned NOT NULL,
  `order_nr` varchar(191) COLLATE utf8mb4_unicode_ci NOT NULL,
  `customer_id` int(10) unsigned NOT NULL,
  `defect_description` varchar(191) COLLATE utf8mb4_unicode_ci NOT NULL,
  `comment` varchar(191) COLLATE utf8mb4_unicode_ci DEFAULT NULL,
  `status_id` int(10) unsigned NOT NULL,
  `prepay_sum` double DEFAULT NULL,
  `located_in` int(10) unsigned NOT NULL,
  `created_at` timestamp NULL DEFAULT NULL,
  `updated_at` timestamp NULL DEFAULT NULL,
  PRIMARY KEY (`id`),
  KEY `repair_orders_order_id_foreign` (`order_id`),
  KEY `repair_orders_customer_id_foreign` (`customer_id`),
  KEY `repair_orders_status_id_foreign` (`status_id`),
  KEY `repair_orders_located_in_foreign` (`located_in`),
  CONSTRAINT `repair_orders_customer_id_foreign` FOREIGN KEY (`customer_id`) REFERENCES `customers` (`id`),
  CONSTRAINT `repair_orders_located_in_foreign` FOREIGN KEY (`located_in`) REFERENCES `branches` (`id`),
  CONSTRAINT `repair_orders_order_id_foreign` FOREIGN KEY (`order_id`) REFERENCES `orders` (`id`),
  CONSTRAINT `repair_orders_status_id_foreign` FOREIGN KEY (`status_id`) REFERENCES `order_statuses` (`id`)
) ENGINE=InnoDB AUTO_INCREMENT=252 DEFAULT CHARSET=utf8mb4 COLLATE=utf8mb4_unicode_ci;
/*!40101 SET character_set_client = @saved_cs_client */;

--
-- Dumping data for table `repair_orders`
--

LOCK TABLES `repair_orders` WRITE;
/*!40000 ALTER TABLE `repair_orders` DISABLE KEYS */;
INSERT INTO `repair_orders` VALUES (20,29,'1200',20,'iPhone 7+ LCD / iPhone 7+ Vibere / iPhone X LCD','Abgeholt am 10.12.2019',5,0,4,'2019-10-30 10:29:35','2019-12-10 17:23:51'),(21,30,'1159',21,'Handy lässt sich nicht benutzen ( geht nicht zu reparieren )','KD hat bei uns seinen Display tauschen lassen, Face ID hat daraufhin nicht funtioniert und KD hat das Geld zurückbekommen. Nicht reparabel, mit Musti abklären',6,0,4,'2019-10-30 10:36:16','2019-10-30 11:08:10'),(25,34,'1062',25,'samsung s7e schaltet nicht ein','kd hat am 13.11 abgeholt',6,0,4,'2019-10-30 11:18:02','2019-11-13 15:09:59'),(35,64,'1075',35,'bleibt bei Apple logo','kd abgeholt',6,NULL,4,'2019-11-04 09:22:53','2019-11-22 16:31:18'),(36,65,'1076',36,'ip 7 touch funktionert nicht wlan chip problem','fertig',5,NULL,4,'2019-11-04 09:55:48','2019-12-06 08:13:50'),(39,68,'1086',39,'ip 6 touch funktioniert nicht','Sahyan ruft den KD an',5,NULL,4,'2019-11-06 13:37:32','2019-11-11 09:49:50'),(43,72,'1088',43,'Samsung A7 Reklamation','kd hat am 13.11 abgeholt',5,NULL,4,'2019-11-07 15:06:35','2019-11-13 17:31:43'),(48,77,'1090',48,'Datenübertragen','wir haben es in huma 3 über itunes ein backup gemacht es sagt backup ist beschedigt schicken es ins dz alles ist schon bezahlt',5,NULL,4,'2019-11-09 12:02:04','2019-11-11 15:27:46'),(50,79,'1098',50,'P30 lite google konto löschen','am 18.11.2019  abgeholt',6,NULL,4,'2019-11-09 13:26:42','2019-11-18 14:11:03'),(51,80,'1105',51,'Mate 10 Pro Ladeconnector','am 18.11.19 abgeholt',5,30,4,'2019-11-09 16:12:00','2019-11-18 17:56:32'),(55,84,'1',55,'iPhone 7 Display','Repair in 2 days',9,10,5,'2019-11-11 07:34:38','2020-01-08 13:56:14'),(59,88,'1110',59,'i5s lcd i6 analyse','kd am 14.11 angeholt',5,NULL,4,'2019-11-12 12:11:16','2019-11-14 13:41:15'),(61,90,'1115',61,'Mate 10 pro Ohrlautsprecher','am 18.11.19 abgeholt',5,30,4,'2019-11-12 16:19:05','2019-11-18 17:56:21'),(71,100,'1119',71,'Samsung S2 entsperren','fertig am 22.11 abgeholt',5,0,4,'2019-11-16 09:58:27','2019-11-22 16:27:00'),(75,104,'1120',75,'Huawei-P30lite Custom Case','kd am 19.11.2019 abgeholt',5,29,4,'2019-11-16 15:08:07','2019-11-19 11:39:42'),(77,106,'179',77,'Display bruch\n(glas und display muss erneuert werden','Express reparatur (max. 1 tag)',1,19.9,6,'2019-11-17 12:36:17','2019-11-17 12:36:17'),(91,120,'1127',91,'Samsung S10e entsperren','kd am 22.11.19 abgeholt',5,59,4,'2019-11-21 14:18:58','2019-11-22 16:27:23'),(92,121,'001',92,'i7 Display',NULL,3,10,5,'2019-11-21 18:39:40','2020-01-08 13:56:03'),(98,127,'1255',98,'A7 Display rep.','kd am 28.11.2019 abgeholt',5,20,4,'2019-11-23 15:27:58','2019-11-29 08:26:11'),(99,128,'001',99,'iPhone 7 Display','Hallo',1,20,5,'2019-11-24 19:55:24','2020-01-08 13:57:59'),(109,139,'1257',109,'Note8 Display + Rahmen','am 04.12 abgeholt',5,50,4,'2019-11-27 12:19:54','2019-12-04 12:21:12'),(115,145,'1260',115,'Ip7 Service / Audio-Chip','am 03.12 abgeholt',6,0,4,'2019-11-28 16:39:13','2019-12-04 08:04:37'),(118,148,'1261',118,'s7 edge backcover + akku rep','kd am selbe tag abgeholt',5,0,4,'2019-11-29 11:20:54','2019-12-02 08:37:47'),(124,154,'1269',124,'IpXsMax Display Rep.','am 04.12 abgeholt',5,20,4,'2019-12-02 10:34:23','2019-12-04 12:43:18'),(125,155,'1271',125,'A7 2018 Display Rep.','kd 02.12.2019 abgeholt',5,20,4,'2019-12-02 10:36:08','2019-12-03 08:04:21'),(126,156,'1273',126,'Macbook Air Wasserschaden','10.01.2020',5,NULL,4,'2019-12-02 10:37:46','2020-01-10 15:02:28'),(129,159,'1275',129,'Hp Notebook Windows + Daten überspielen','am 03.12 abgeholt',5,NULL,4,'2019-12-02 12:40:17','2019-12-04 08:04:07'),(133,163,'1277',133,'hp neu windows aufsetzen','am 03.12 abgeholt',5,NULL,4,'2019-12-03 08:07:00','2019-12-04 08:04:17'),(135,165,'2459',135,'Macbook Wasserschaden','Daten Rettung oder Rep 250-300 € , kD kommt es morgen holen',6,NULL,1,'2019-12-03 09:50:42','2019-12-04 15:29:12'),(141,171,'1276',141,'a5 2017 lade stecke + akkudeckel',NULL,5,NULL,4,'2019-12-04 08:00:38','2019-12-06 10:28:22'),(146,176,'1284',146,'I6 wassserschaden anayse','am 18.12 abgeholt',5,NULL,4,'2019-12-05 13:32:36','2019-12-18 17:44:31'),(149,179,'1287',149,'P30 Backcover Reparatur','am 23.12 abgeholt',5,NULL,4,'2019-12-06 13:06:17','2019-12-23 13:36:37'),(150,180,'1290',150,'iPhone 7 Kamera','am 10.12.2019 abgeholt',5,NULL,4,'2019-12-07 13:50:52','2019-12-10 15:11:08'),(157,190,'1306',157,'Samsung S10 Lcd + Nano open folie + tasche','kd am 13.12.2019 abgeholt',5,0,4,'2019-12-11 11:11:35','2019-12-13 08:21:41'),(159,192,'1312',159,'Samsung S10 entsperren','fertig am 12.12 2019',5,59,4,'2019-12-11 17:31:57','2019-12-12 16:25:07'),(163,196,'1315',163,'Samsung S8 Display - Blau Rep.','4 tage wir wollen mit kd kontaktieren aber kd nicht errreicht',4,20,4,'2019-12-13 13:47:23','2019-12-18 10:11:41'),(170,204,'1304',170,'ipad mini 2 home button','am 21.12 abgeholt',5,NULL,4,'2019-12-18 10:10:26','2019-12-21 15:46:05'),(181,215,'4430',181,'A10 Lcd Rep.','Ersatzteil muss bestellt werden. Gerät bei KD',4,0,4,'2019-12-27 16:28:13','2019-12-27 16:28:21'),(186,220,'4432',186,'P20 lite LCD Rep.','09.01 abgeholt',5,NULL,4,'2019-12-28 15:27:27','2020-01-09 12:17:19'),(187,221,'4425',187,'Samsung S9+ LCD Rep.','am 30.12 abgeholt',5,0,4,'2019-12-28 15:29:53','2019-12-30 08:21:45'),(197,231,'4417',197,'psmart 19 google acc','kd am 02.01 abgeholt',5,NULL,4,'2020-01-02 13:09:07','2020-01-02 13:32:18'),(198,232,'4419',198,'huawei mate 9 lcd','03.01 abgeholt',5,NULL,4,'2020-01-02 13:28:41','2020-01-03 16:49:14'),(199,233,'4411',199,'i6s Platine Fehler','09.01',6,NULL,4,'2020-01-02 16:25:21','2020-01-09 16:44:56'),(202,236,'4410',202,'ip 6s lcd','03.01 abgeholt',5,NULL,4,'2020-01-03 13:24:25','2020-01-03 16:48:49'),(203,237,'4413',203,'a5 2016 akku','04.01 abgeholt',5,NULL,4,'2020-01-03 13:33:03','2020-01-04 13:25:46'),(209,243,'4407',209,'p20lite ladeconnector','shayan bestellen',5,30,4,'2020-01-07 17:32:41','2020-01-10 14:32:37'),(210,248,'001',210,'iPhone 7 Display kaputt','KD kommt in 2 Tagen',4,20,5,'2020-01-08 08:05:08','2020-01-08 13:57:49'),(214,252,'4403',214,'LCD - wechsel j 2017','kd am 13.01.2020 abgeholt',5,NULL,4,'2020-01-08 14:39:54','2020-01-13 16:46:53'),(218,256,'4397',218,'a7 akkudeckel schwarz','17.01 kd abgeholt',5,NULL,4,'2020-01-10 09:37:03','2020-01-21 14:44:00'),(219,257,'4392',219,'nokia 5 ta-1024 lcd','am 24.01 kd abgeholt',5,NULL,4,'2020-01-10 11:29:42','2020-01-24 13:06:03'),(220,258,'4394',220,'iPhone X Display Rep.','13.01.2020 abgeholt',5,NULL,4,'2020-01-10 14:57:18','2020-01-13 16:45:06'),(227,269,'4388',227,'s5 neo lcd','wurde am 15.01.20',5,30,4,'2020-01-14 12:01:59','2020-01-15 17:59:56'),(233,275,'4391',233,'P9 lite akku','20.01 kd abgeholt',5,NULL,4,'2020-01-15 18:00:51','2020-01-21 14:43:31'),(236,278,'----',236,'iPhone Xs Ohrlautsprecher defekt - On Off Reparatur ( Kulanz)','On/Off Flex repariert - KD weiss nicht ob es vorher funktioniert hat der Ohrlautsprecher - Ersatzteil da muss aber gelötet werden. Zeus 1-2 Werktage Rep Zeit dauern KD weiss Bescheid',1,NULL,1,'2020-01-21 10:55:47','2020-01-21 10:55:47'),(238,280,'2624',238,'S10+ Power Key neumontage','24.01.20 lagernd, KD NE',1,10,2,'2020-01-21 11:54:19','2020-01-24 08:14:42'),(245,287,'2689',245,'Samsung Galaxy A5 2017 nach Ladestecker tausch ohne Funktion','fertig KD kommt Montag',5,0,1,'2020-01-24 08:24:37','2020-01-25 15:20:45'),(246,288,'2671',246,'IPhone 6s nach >Akku Tausch ohne Funktion ?','Techniker Analyse ist IC Ladechip defekt  , Chef nach Lösung fragen',1,NULL,1,'2020-01-24 08:26:59','2020-01-24 08:26:59'),(247,289,'2674',247,'Huawei P10 Lite LCD defekt','lagernd',1,NULL,1,'2020-01-24 08:27:56','2020-01-25 12:05:46'),(248,290,'3809',248,'I6+ lCD','fertig, die hintere kamera funktioniert nicht Kd wollte am Mo kommen bitte in anrufen',1,NULL,3,'2020-01-24 10:46:39','2020-01-24 10:46:39'),(249,291,'3815',249,'A7 LCD','Im HUma, sie holt von Dz ab',1,NULL,3,'2020-01-24 10:48:21','2020-01-24 10:48:36'),(250,292,'2663',250,'Huawei Mate 20 Lite LCD defekt','2-3 WT, LCD lagernd',1,0,1,'2020-01-25 09:42:50','2020-01-25 12:04:04'),(251,293,'1100',251,'IPad mini 4 Akkutausch','2-3 WT, schauen ob lagernd',1,0,2,'2020-01-25 15:52:51','2020-01-25 15:52:51');
/*!40000 ALTER TABLE `repair_orders` ENABLE KEYS */;
UNLOCK TABLES;

--
-- Table structure for table `roles`
--

DROP TABLE IF EXISTS `roles`;
/*!40101 SET @saved_cs_client     = @@character_set_client */;
/*!40101 SET character_set_client = utf8 */;
CREATE TABLE `roles` (
  `id` int(10) unsigned NOT NULL AUTO_INCREMENT,
  `name` varchar(191) COLLATE utf8mb4_unicode_ci NOT NULL,
  `created_at` timestamp NULL DEFAULT NULL,
  `updated_at` timestamp NULL DEFAULT NULL,
  PRIMARY KEY (`id`)
) ENGINE=InnoDB AUTO_INCREMENT=6 DEFAULT CHARSET=utf8mb4 COLLATE=utf8mb4_unicode_ci;
/*!40101 SET character_set_client = @saved_cs_client */;

--
-- Dumping data for table `roles`
--

LOCK TABLES `roles` WRITE;
/*!40000 ALTER TABLE `roles` DISABLE KEYS */;
INSERT INTO `roles` VALUES (1,'Head',NULL,NULL),(2,'Top Manager',NULL,NULL),(3,'Tech',NULL,NULL),(4,'Sales Manager',NULL,NULL),(5,'Courier',NULL,NULL);
/*!40000 ALTER TABLE `roles` ENABLE KEYS */;
UNLOCK TABLES;

--
-- Table structure for table `sales_orders`
--

DROP TABLE IF EXISTS `sales_orders`;
/*!40101 SET @saved_cs_client     = @@character_set_client */;
/*!40101 SET character_set_client = utf8 */;
CREATE TABLE `sales_orders` (
  `id` bigint(20) unsigned NOT NULL AUTO_INCREMENT,
  `order_id` int(10) unsigned NOT NULL,
  `article_description` varchar(191) COLLATE utf8mb4_unicode_ci NOT NULL,
  `payment_type_id` int(10) unsigned NOT NULL,
  `created_at` timestamp NULL DEFAULT NULL,
  `updated_at` timestamp NULL DEFAULT NULL,
  PRIMARY KEY (`id`),
  KEY `sales_orders_order_id_foreign` (`order_id`),
  KEY `sales_orders_payment_type_id_foreign` (`payment_type_id`),
  CONSTRAINT `sales_orders_order_id_foreign` FOREIGN KEY (`order_id`) REFERENCES `orders` (`id`),
  CONSTRAINT `sales_orders_payment_type_id_foreign` FOREIGN KEY (`payment_type_id`) REFERENCES `payment_types` (`id`)
) ENGINE=InnoDB AUTO_INCREMENT=43 DEFAULT CHARSET=utf8mb4 COLLATE=utf8mb4_unicode_ci;
/*!40101 SET character_set_client = @saved_cs_client */;

--
-- Dumping data for table `sales_orders`
--

LOCK TABLES `sales_orders` WRITE;
/*!40000 ALTER TABLE `sales_orders` DISABLE KEYS */;
INSERT INTO `sales_orders` VALUES (1,12,'adapter',1,'2019-10-29 14:03:20','2019-10-29 14:03:20'),(2,13,'i7kopfhörer',2,'2019-10-29 14:04:03','2019-10-29 14:04:03'),(3,14,'i7service',1,'2019-10-29 14:04:43','2019-10-29 14:04:43'),(4,16,'i5case',1,'2019-10-29 16:00:10','2019-10-29 16:00:10'),(5,17,'i5glas',1,'2019-10-29 16:00:29','2019-10-29 16:00:29'),(6,18,'i8case',1,'2019-10-29 16:18:33','2019-10-29 16:18:33'),(7,19,'popsocket',1,'2019-10-29 16:19:03','2019-10-29 16:19:03'),(8,26,'ix LCD',2,'2019-10-29 17:02:43','2019-10-29 17:02:43'),(9,27,'i6LCD',2,'2019-10-29 17:03:20','2019-10-29 17:03:20'),(11,39,'Simleser',1,'2019-10-30 12:52:47','2019-10-30 12:52:47'),(12,40,'sim adapter',1,'2019-10-30 12:55:06','2019-10-30 12:55:06'),(13,41,'A5 17 case',1,'2019-10-30 13:48:52','2019-10-30 13:48:52'),(14,42,'A5 17 folie',1,'2019-10-30 13:49:04','2019-10-30 13:49:04'),(15,44,'I8 akku',1,'2019-10-30 14:53:00','2019-10-30 14:53:00'),(16,47,'iPhone Case',2,'2019-10-30 17:32:48','2019-10-30 17:32:48'),(28,60,'a8 case',1,'2019-10-31 14:17:58','2019-10-31 14:18:24'),(29,61,'i6 case',1,'2019-10-31 14:18:46','2019-10-31 14:18:46'),(30,129,'iPhone 7 display',1,'2019-11-25 16:03:20','2019-11-25 16:03:20'),(31,182,'test',1,'2019-12-07 21:59:27','2019-12-07 21:59:27'),(32,183,'i7 case',1,'2019-12-07 21:59:46','2019-12-07 21:59:46'),(33,184,'i8 case',1,'2019-12-07 21:59:54','2019-12-07 21:59:54'),(34,198,'New Device',1,'2019-12-14 13:07:24','2019-12-14 13:07:24'),(35,244,'iPhone 7 case',1,'2020-01-08 08:00:39','2020-01-08 08:00:39'),(36,245,'iPhone 7 Plus folie',1,'2020-01-08 08:00:54','2020-01-08 08:00:54'),(37,246,'iPhone 8 case',1,'2020-01-08 08:01:13','2020-01-08 08:01:13'),(38,247,'iPhone 8 plus case',2,'2020-01-08 08:01:34','2020-01-08 08:01:34'),(39,259,'i7 Case',1,'2020-01-11 16:42:18','2020-01-11 16:42:18'),(40,260,'i8 Folie',1,'2020-01-11 16:42:28','2020-01-11 16:42:28'),(41,261,'i6 case',2,'2020-01-11 16:42:39','2020-01-11 16:42:39'),(42,262,'Samsung S7 case',1,'2020-01-11 16:43:07','2020-01-11 16:43:07');
/*!40000 ALTER TABLE `sales_orders` ENABLE KEYS */;
UNLOCK TABLES;

--
-- Table structure for table `sell_order_has_goods`
--

DROP TABLE IF EXISTS `sell_order_has_goods`;
/*!40101 SET @saved_cs_client     = @@character_set_client */;
/*!40101 SET character_set_client = utf8 */;
CREATE TABLE `sell_order_has_goods` (
  `id` bigint(20) unsigned NOT NULL AUTO_INCREMENT,
  `order_id` bigint(20) NOT NULL,
  `good_id` bigint(20) NOT NULL,
  `created_at` timestamp NULL DEFAULT NULL,
  `updated_at` timestamp NULL DEFAULT NULL,
  PRIMARY KEY (`id`)
) ENGINE=InnoDB DEFAULT CHARSET=utf8mb4 COLLATE=utf8mb4_unicode_ci;
/*!40101 SET character_set_client = @saved_cs_client */;

--
-- Dumping data for table `sell_order_has_goods`
--

LOCK TABLES `sell_order_has_goods` WRITE;
/*!40000 ALTER TABLE `sell_order_has_goods` DISABLE KEYS */;
/*!40000 ALTER TABLE `sell_order_has_goods` ENABLE KEYS */;
UNLOCK TABLES;

--
-- Table structure for table `sell_order_has_services`
--

DROP TABLE IF EXISTS `sell_order_has_services`;
/*!40101 SET @saved_cs_client     = @@character_set_client */;
/*!40101 SET character_set_client = utf8 */;
CREATE TABLE `sell_order_has_services` (
  `id` bigint(20) unsigned NOT NULL AUTO_INCREMENT,
  `order_id` bigint(20) NOT NULL,
  `service_id` bigint(20) NOT NULL,
  `created_at` timestamp NULL DEFAULT NULL,
  `updated_at` timestamp NULL DEFAULT NULL,
  PRIMARY KEY (`id`)
) ENGINE=InnoDB DEFAULT CHARSET=utf8mb4 COLLATE=utf8mb4_unicode_ci;
/*!40101 SET character_set_client = @saved_cs_client */;

--
-- Dumping data for table `sell_order_has_services`
--

LOCK TABLES `sell_order_has_services` WRITE;
/*!40000 ALTER TABLE `sell_order_has_services` DISABLE KEYS */;
/*!40000 ALTER TABLE `sell_order_has_services` ENABLE KEYS */;
UNLOCK TABLES;

--
-- Table structure for table `services`
--

DROP TABLE IF EXISTS `services`;
/*!40101 SET @saved_cs_client     = @@character_set_client */;
/*!40101 SET character_set_client = utf8 */;
CREATE TABLE `services` (
  `id` bigint(20) unsigned NOT NULL AUTO_INCREMENT,
  `name` varchar(191) COLLATE utf8mb4_unicode_ci NOT NULL,
  `category_id` bigint(20) NOT NULL,
  `price` double(8,2) NOT NULL,
  `created_at` timestamp NULL DEFAULT NULL,
  `updated_at` timestamp NULL DEFAULT NULL,
  PRIMARY KEY (`id`)
) ENGINE=InnoDB DEFAULT CHARSET=utf8mb4 COLLATE=utf8mb4_unicode_ci;
/*!40101 SET character_set_client = @saved_cs_client */;

--
-- Dumping data for table `services`
--

LOCK TABLES `services` WRITE;
/*!40000 ALTER TABLE `services` DISABLE KEYS */;
/*!40000 ALTER TABLE `services` ENABLE KEYS */;
UNLOCK TABLES;

--
-- Table structure for table `services_categories`
--

DROP TABLE IF EXISTS `services_categories`;
/*!40101 SET @saved_cs_client     = @@character_set_client */;
/*!40101 SET character_set_client = utf8 */;
CREATE TABLE `services_categories` (
  `id` bigint(20) unsigned NOT NULL AUTO_INCREMENT,
  `name` varchar(191) COLLATE utf8mb4_unicode_ci NOT NULL,
  `created_at` timestamp NULL DEFAULT NULL,
  `updated_at` timestamp NULL DEFAULT NULL,
  PRIMARY KEY (`id`)
) ENGINE=InnoDB DEFAULT CHARSET=utf8mb4 COLLATE=utf8mb4_unicode_ci;
/*!40101 SET character_set_client = @saved_cs_client */;

--
-- Dumping data for table `services_categories`
--

LOCK TABLES `services_categories` WRITE;
/*!40000 ALTER TABLE `services_categories` DISABLE KEYS */;
/*!40000 ALTER TABLE `services_categories` ENABLE KEYS */;
UNLOCK TABLES;

--
-- Table structure for table `submodels`
--

DROP TABLE IF EXISTS `submodels`;
/*!40101 SET @saved_cs_client     = @@character_set_client */;
/*!40101 SET character_set_client = utf8 */;
CREATE TABLE `submodels` (
  `id` int(10) unsigned NOT NULL AUTO_INCREMENT,
  `model_id` int(10) unsigned NOT NULL,
  `name` varchar(191) COLLATE utf8mb4_unicode_ci NOT NULL,
  `created_at` timestamp NULL DEFAULT NULL,
  `updated_at` timestamp NULL DEFAULT NULL,
  PRIMARY KEY (`id`),
  KEY `submodels_model_id_foreign` (`model_id`),
  CONSTRAINT `submodels_model_id_foreign` FOREIGN KEY (`model_id`) REFERENCES `models` (`id`)
) ENGINE=InnoDB AUTO_INCREMENT=292 DEFAULT CHARSET=utf8mb4 COLLATE=utf8mb4_unicode_ci;
/*!40101 SET character_set_client = @saved_cs_client */;

--
-- Dumping data for table `submodels`
--

LOCK TABLES `submodels` WRITE;
/*!40000 ALTER TABLE `submodels` DISABLE KEYS */;
INSERT INTO `submodels` VALUES (1,1,'5','2019-10-29 10:57:49','2019-10-29 10:57:49'),(2,1,'5s','2019-10-29 10:57:49','2019-10-29 10:57:49'),(3,1,'6','2019-10-29 10:57:49','2019-10-29 10:57:49'),(4,1,'6 Plus','2019-10-29 10:57:49','2019-10-29 10:57:49'),(5,1,'6s','2019-10-29 10:57:49','2019-10-29 10:57:49'),(6,1,'6s Plus','2019-10-29 10:57:49','2019-10-29 10:57:49'),(7,1,'7','2019-10-29 10:57:49','2019-10-29 10:57:49'),(8,1,'7 Plus','2019-10-29 10:57:49','2019-10-29 10:57:49'),(9,1,'8','2019-10-29 10:57:49','2019-10-29 10:57:49'),(10,1,'8 Plus','2019-10-29 10:57:49','2019-10-29 10:57:49'),(11,1,'X','2019-10-29 10:57:49','2019-10-29 10:57:49'),(12,1,'Xr','2019-10-29 10:57:49','2019-10-29 10:57:49'),(13,1,'Xs','2019-10-29 10:57:49','2019-10-29 10:57:49'),(14,1,'Xs Max','2019-10-29 10:57:49','2019-10-29 10:57:49'),(15,1,'11','2019-10-29 10:57:49','2019-10-29 10:57:49'),(16,1,'11 Pro','2019-10-29 10:57:49','2019-10-29 10:57:49'),(17,2,'iPad','2019-10-29 10:57:49','2019-10-29 10:57:49'),(18,2,'iPad 2','2019-10-29 10:57:49','2019-10-29 10:57:49'),(19,2,'iPad 3rd Generation','2019-10-29 10:57:49','2019-10-29 10:57:49'),(20,2,'iPad 4rd Generation','2019-10-29 10:57:49','2019-10-29 10:57:49'),(21,2,'iPad 5rd Generation','2019-10-29 10:57:49','2019-10-29 10:57:49'),(22,2,'iPad 6rd Generation','2019-10-29 10:57:49','2019-10-29 10:57:49'),(23,2,'iPad 7rd Generation','2019-10-29 10:57:49','2019-10-29 10:57:49'),(24,2,'iPad mini','2019-10-29 10:57:49','2019-10-29 10:57:49'),(25,2,'iPad mini 2','2019-10-29 10:57:49','2019-10-29 10:57:49'),(26,2,'iPad mini 3','2019-10-29 10:57:49','2019-10-29 10:57:49'),(27,2,'iPad mini 4','2019-10-29 10:57:49','2019-10-29 10:57:49'),(28,2,'iPad mini 5','2019-10-29 10:57:49','2019-10-29 10:57:49'),(29,2,'iPad Air','2019-10-29 10:57:49','2019-10-29 10:57:49'),(30,2,'iPad Air 2','2019-10-29 10:57:49','2019-10-29 10:57:49'),(31,2,'iPad Air 3','2019-10-29 10:57:49','2019-10-29 10:57:49'),(32,2,'iPad Pro 12.9 inch','2019-10-29 10:57:49','2019-10-29 10:57:49'),(33,2,'iPad Pro 12.9 inch 2nd Generation','2019-10-29 10:57:49','2019-10-29 10:57:49'),(34,2,'iPad Pro 12.9 inch 3rd Generation','2019-10-29 10:57:49','2019-10-29 10:57:49'),(35,3,'Apple Watch Series 1','2019-10-29 10:57:49','2019-10-29 10:57:49'),(36,3,'Apple Watch Series 2','2019-10-29 10:57:49','2019-10-29 10:57:49'),(37,3,'Apple Watch Series 3','2019-10-29 10:57:49','2019-10-29 10:57:49'),(38,3,'Apple Watch Series 4','2019-10-29 10:57:49','2019-10-29 10:57:49'),(39,3,'Apple Watch Series 5','2019-10-29 10:57:49','2019-10-29 10:57:49'),(40,4,'A1181','2019-10-29 10:57:49','2019-10-29 10:57:49'),(41,4,'A1278','2019-10-29 10:57:49','2019-10-29 10:57:49'),(42,4,'A1342','2019-10-29 10:57:49','2019-10-29 10:57:49'),(43,4,'A1534','2019-10-29 10:57:49','2019-10-29 10:57:49'),(44,4,'A1237','2019-10-29 10:57:49','2019-10-29 10:57:49'),(45,4,'A1304','2019-10-29 10:57:49','2019-10-29 10:57:49'),(46,4,'A1370','2019-10-29 10:57:49','2019-10-29 10:57:49'),(47,4,'A1369','2019-10-29 10:57:49','2019-10-29 10:57:49'),(48,4,'A1465','2019-10-29 10:57:49','2019-10-29 10:57:49'),(49,4,'A1466','2019-10-29 10:57:49','2019-10-29 10:57:49'),(50,4,'A1932','2019-10-29 10:57:49','2019-10-29 10:57:49'),(51,4,'A1150','2019-10-29 10:57:49','2019-10-29 10:57:49'),(52,4,'A1151','2019-10-29 10:57:49','2019-10-29 10:57:49'),(53,4,'A1211','2019-10-29 10:57:49','2019-10-29 10:57:49'),(54,4,'A1212','2019-10-29 10:57:49','2019-10-29 10:57:49'),(55,4,'A1226','2019-10-29 10:57:49','2019-10-29 10:57:49'),(56,4,'A1229','2019-10-29 10:57:49','2019-10-29 10:57:49'),(57,4,'A1260','2019-10-29 10:57:49','2019-10-29 10:57:49'),(58,4,'A1261','2019-10-29 10:57:49','2019-10-29 10:57:49'),(59,4,'A1286','2019-10-29 10:57:49','2019-10-29 10:57:49'),(60,4,'A1297','2019-10-29 10:57:49','2019-10-29 10:57:49'),(61,4,'A1398','2019-10-29 10:57:49','2019-10-29 10:57:49'),(62,4,'A1425','2019-10-29 10:57:49','2019-10-29 10:57:49'),(63,4,'A1502','2019-10-29 10:57:49','2019-10-29 10:57:49'),(64,4,'A1708','2019-10-29 10:57:49','2019-10-29 10:57:49'),(65,4,'A1706','2019-10-29 10:57:49','2019-10-29 10:57:49'),(66,4,'A1707','2019-10-29 10:57:49','2019-10-29 10:57:49'),(67,4,'A1989','2019-10-29 10:57:49','2019-10-29 10:57:49'),(68,4,'A1990','2019-10-29 10:57:49','2019-10-29 10:57:49'),(69,4,'A1212','2019-10-29 10:57:49','2019-10-29 10:57:49'),(70,5,'Galaxy S5','2019-10-29 10:57:49','2019-10-29 10:57:49'),(71,5,'Galaxy S5 Plus','2019-10-29 10:57:49','2019-10-29 10:57:49'),(72,5,'Galaxy S6','2019-10-29 10:57:49','2019-10-29 10:57:49'),(73,5,'Galaxy S6 Edge','2019-10-29 10:57:49','2019-10-29 10:57:49'),(74,5,'Galaxy S6 Edge+','2019-10-29 10:57:49','2019-10-29 10:57:49'),(75,5,'Galaxy S7','2019-10-29 10:57:49','2019-10-29 10:57:49'),(76,5,'Galaxy S7 Edge','2019-10-29 10:57:49','2019-10-29 10:57:49'),(77,5,'Galaxy S7 Edge+','2019-10-29 10:57:49','2019-10-29 10:57:49'),(78,5,'Galaxy S8','2019-10-29 10:57:49','2019-10-29 10:57:49'),(79,5,'Galaxy S8+','2019-10-29 10:57:49','2019-10-29 10:57:49'),(80,5,'Galaxy S9','2019-10-29 10:57:49','2019-10-29 10:57:49'),(81,5,'Galaxy S9+','2019-10-29 10:57:49','2019-10-29 10:57:49'),(82,5,'Galaxy S10','2019-10-29 10:57:49','2019-10-29 10:57:49'),(83,5,'Galaxy S10+','2019-10-29 10:57:49','2019-10-29 10:57:49'),(84,5,'Galaxy S10e','2019-10-29 10:57:49','2019-10-29 10:57:49'),(85,5,'Galaxy S10+','2019-10-29 10:57:49','2019-10-29 10:57:49'),(86,5,'Galaxy Note 4','2019-10-29 10:57:49','2019-10-29 10:57:49'),(87,5,'Galaxy Note 5','2019-10-29 10:57:49','2019-10-29 10:57:49'),(88,5,'Galaxy Note 6','2019-10-29 10:57:49','2019-10-29 10:57:49'),(89,5,'Galaxy Note 7','2019-10-29 10:57:49','2019-10-29 10:57:49'),(90,5,'Galaxy Note 8','2019-10-29 10:57:49','2019-10-29 10:57:49'),(91,5,'Galaxy Note 9','2019-10-29 10:57:49','2019-10-29 10:57:49'),(92,5,'Galaxy Note 10','2019-10-29 10:57:49','2019-10-29 10:57:49'),(93,5,'Galaxy Note 10+','2019-10-29 10:57:49','2019-10-29 10:57:49'),(94,5,'Galaxy A3','2019-10-29 10:57:49','2019-10-29 10:57:49'),(95,5,'Galaxy  A3 (2018)','2019-10-29 10:57:49','2019-10-29 10:57:49'),(96,5,'Galaxy A5','2019-10-29 10:57:49','2019-10-29 10:57:49'),(97,5,'Galaxy  A5 (2016)','2019-10-29 10:57:49','2019-10-29 10:57:49'),(98,5,'Galaxy  A5 (2017)','2019-10-29 10:57:49','2019-10-29 10:57:49'),(99,5,'Galaxy  A5 (2018)','2019-10-29 10:57:49','2019-10-29 10:57:49'),(100,5,'Galaxy A6','2019-10-29 10:57:49','2019-10-29 10:57:49'),(101,5,'Galaxy  A6 (2016)','2019-10-29 10:57:49','2019-10-29 10:57:49'),(102,5,'Galaxy  A6 (2017)','2019-10-29 10:57:49','2019-10-29 10:57:49'),(103,5,'Galaxy  A6 (2018)','2019-10-29 10:57:49','2019-10-29 10:57:49'),(104,5,'Galaxy A7','2019-10-29 10:57:49','2019-10-29 10:57:49'),(105,5,'Galaxy  A7 (2016)','2019-10-29 10:57:49','2019-10-29 10:57:49'),(106,5,'Galaxy  A7 (2017)','2019-10-29 10:57:50','2019-10-29 10:57:50'),(107,5,'Galaxy  A7 (2018)','2019-10-29 10:57:50','2019-10-29 10:57:50'),(108,5,'Galaxy A8','2019-10-29 10:57:50','2019-10-29 10:57:50'),(109,5,'Galaxy  A8 (2016)','2019-10-29 10:57:50','2019-10-29 10:57:50'),(110,5,'Galaxy  A8 (2017)','2019-10-29 10:57:50','2019-10-29 10:57:50'),(111,5,'Galaxy A9','2019-10-29 10:57:50','2019-10-29 10:57:50'),(112,5,'Galaxy  A9 (2016)','2019-10-29 10:57:50','2019-10-29 10:57:50'),(113,5,'Galaxy  A9 (2017)','2019-10-29 10:57:50','2019-10-29 10:57:50'),(114,5,'Galaxy  A10','2019-10-29 10:57:50','2019-10-29 10:57:50'),(115,5,'Galaxy  A10e','2019-10-29 10:57:50','2019-10-29 10:57:50'),(116,5,'Galaxy  A10s','2019-10-29 10:57:50','2019-10-29 10:57:50'),(117,5,'Galaxy  A20','2019-10-29 10:57:50','2019-10-29 10:57:50'),(118,5,'Galaxy  A20e','2019-10-29 10:57:50','2019-10-29 10:57:50'),(119,5,'Galaxy  A20s','2019-10-29 10:57:50','2019-10-29 10:57:50'),(120,5,'Galaxy  A30','2019-10-29 10:57:50','2019-10-29 10:57:50'),(121,5,'Galaxy  A30s','2019-10-29 10:57:50','2019-10-29 10:57:50'),(122,5,'Galaxy  A40','2019-10-29 10:57:50','2019-10-29 10:57:50'),(123,5,'Galaxy  A40s','2019-10-29 10:57:50','2019-10-29 10:57:50'),(124,5,'Galaxy  A50','2019-10-29 10:57:50','2019-10-29 10:57:50'),(125,5,'Galaxy  A50s','2019-10-29 10:57:50','2019-10-29 10:57:50'),(126,5,'Galaxy  A60','2019-10-29 10:57:50','2019-10-29 10:57:50'),(127,5,'Galaxy  A60s','2019-10-29 10:57:50','2019-10-29 10:57:50'),(128,5,'Galaxy  A70','2019-10-29 10:57:50','2019-10-29 10:57:50'),(129,5,'Galaxy  A70s','2019-10-29 10:57:50','2019-10-29 10:57:50'),(130,5,'Galaxy  A80','2019-10-29 10:57:50','2019-10-29 10:57:50'),(131,5,'Galaxy J 330','2019-10-29 10:57:50','2019-10-29 10:57:50'),(132,5,'Galaxy J 530','2019-10-29 10:57:50','2019-10-29 10:57:50'),(133,5,'Galaxy M10','2019-10-29 10:57:50','2019-10-29 10:57:50'),(134,5,'Galaxy M10s','2019-10-29 10:57:50','2019-10-29 10:57:50'),(135,5,'Galaxy M20','2019-10-29 10:57:50','2019-10-29 10:57:50'),(136,5,'Galaxy M30','2019-10-29 10:57:50','2019-10-29 10:57:50'),(137,5,'Galaxy M30s','2019-10-29 10:57:50','2019-10-29 10:57:50'),(138,5,'Galaxy M40','2019-10-29 10:57:50','2019-10-29 10:57:50'),(139,9,'Mate 8','2019-10-29 10:57:50','2019-10-29 10:57:50'),(140,9,'Mate 9','2019-10-29 10:57:50','2019-10-29 10:57:50'),(141,9,'Mate 9 Lite','2019-10-29 10:57:50','2019-10-29 10:57:50'),(142,9,'Mate 9 Pro','2019-10-29 10:57:50','2019-10-29 10:57:50'),(143,9,'Mate 9 Porsche','2019-10-29 10:57:50','2019-10-29 10:57:50'),(144,9,'Mate 10','2019-10-29 10:57:50','2019-10-29 10:57:50'),(145,9,'Mate 10 Pro','2019-10-29 10:57:50','2019-10-29 10:57:50'),(146,9,'Mate 10 Porsche','2019-10-29 10:57:50','2019-10-29 10:57:50'),(147,9,'Mate 20','2019-10-29 10:57:50','2019-10-29 10:57:50'),(148,9,'Mate 20 Pro','2019-10-29 10:57:50','2019-10-29 10:57:50'),(149,9,'Mate 20 Porsche','2019-10-29 10:57:50','2019-10-29 10:57:50'),(150,9,'Mate 30','2019-10-29 10:57:50','2019-10-29 10:57:50'),(151,9,'Mate 30 Pro','2019-10-29 10:57:50','2019-10-29 10:57:50'),(152,9,'Mate 30 Porsche','2019-10-29 10:57:50','2019-10-29 10:57:50'),(153,9,'P Smart','2019-10-29 10:57:50','2019-10-29 10:57:50'),(154,9,'P Smart +','2019-10-29 10:57:50','2019-10-29 10:57:50'),(155,9,'P Smart Z','2019-10-29 10:57:50','2019-10-29 10:57:50'),(156,9,'P8','2019-10-29 10:57:50','2019-10-29 10:57:50'),(157,9,'P8 Lite','2019-10-29 10:57:50','2019-10-29 10:57:50'),(158,9,'P8 Max','2019-10-29 10:57:50','2019-10-29 10:57:50'),(159,9,'P9','2019-10-29 10:57:50','2019-10-29 10:57:50'),(160,9,'P9 Lite','2019-10-29 10:57:50','2019-10-29 10:57:50'),(161,9,'P9 Max','2019-10-29 10:57:50','2019-10-29 10:57:50'),(162,9,'P9 Plus','2019-10-29 10:57:50','2019-10-29 10:57:50'),(163,9,'P9 Lite Mini','2019-10-29 10:57:50','2019-10-29 10:57:50'),(164,9,'P10','2019-10-29 10:57:50','2019-10-29 10:57:50'),(165,9,'P10 Lite','2019-10-29 10:57:50','2019-10-29 10:57:50'),(166,9,'P10 Pro','2019-10-29 10:57:50','2019-10-29 10:57:50'),(167,9,'P20','2019-10-29 10:57:50','2019-10-29 10:57:50'),(168,9,'P20 Lite','2019-10-29 10:57:50','2019-10-29 10:57:50'),(169,9,'P20 Pro','2019-10-29 10:57:50','2019-10-29 10:57:50'),(170,9,'P30','2019-10-29 10:57:50','2019-10-29 10:57:50'),(171,9,'P30 Lite','2019-10-29 10:57:50','2019-10-29 10:57:50'),(172,9,'P30 Pro','2019-10-29 10:57:50','2019-10-29 10:57:50'),(173,9,'Nova 2','2019-10-29 10:57:50','2019-10-29 10:57:50'),(174,9,'Nova 2 Plus','2019-10-29 10:57:50','2019-10-29 10:57:50'),(175,9,'Nova 2s','2019-10-29 10:57:50','2019-10-29 10:57:50'),(176,9,'Nova 3','2019-10-29 10:57:50','2019-10-29 10:57:50'),(177,9,'Nova 4','2019-10-29 10:57:50','2019-10-29 10:57:50'),(178,9,'Nova 5','2019-10-29 10:57:50','2019-10-29 10:57:50'),(179,15,'Xperia 5','2019-10-29 10:57:50','2019-10-29 10:57:50'),(180,15,'Xperia 1','2019-10-29 10:57:50','2019-10-29 10:57:50'),(181,15,'Xperia 10','2019-10-29 10:57:50','2019-10-29 10:57:50'),(182,15,'Xperia 10 Plus','2019-10-29 10:57:50','2019-10-29 10:57:50'),(183,15,'Xperia L3','2019-10-29 10:57:50','2019-10-29 10:57:50'),(184,15,'Xperia XZ3','2019-10-29 10:57:50','2019-10-29 10:57:50'),(185,15,'Xperia XZ2','2019-10-29 10:57:50','2019-10-29 10:57:50'),(186,15,'Xperia XZ2 Compact','2019-10-29 10:57:50','2019-10-29 10:57:50'),(187,15,'Xperia XZ1','2019-10-29 10:57:50','2019-10-29 10:57:50'),(188,15,'Xperia XZ1 Compact','2019-10-29 10:57:50','2019-10-29 10:57:50'),(189,15,'Xperia XZ Premium','2019-10-29 10:57:50','2019-10-29 10:57:50'),(190,15,'Xperia Z1','2019-10-29 10:57:50','2019-10-29 10:57:50'),(191,15,'Xperia Z1 Compact','2019-10-29 10:57:50','2019-10-29 10:57:50'),(192,15,'Xperia Z Ultra','2019-10-29 10:57:50','2019-10-29 10:57:50'),(193,15,'Xperia Z2','2019-10-29 10:57:50','2019-10-29 10:57:50'),(194,15,'Xperia Z3','2019-10-29 10:57:50','2019-10-29 10:57:50'),(195,15,'Xperia Z5','2019-10-29 10:57:50','2019-10-29 10:57:50'),(196,15,'Xperia Z5 Compact','2019-10-29 10:57:50','2019-10-29 10:57:50'),(197,15,'Xperia Z5 Premium','2019-10-29 10:57:50','2019-10-29 10:57:50'),(198,15,'Xperia M4 Aqua','2019-10-29 10:57:50','2019-10-29 10:57:50'),(199,15,'Xperia M5 Aqua','2019-10-29 10:57:50','2019-10-29 10:57:50'),(200,15,'Xperia L1','2019-10-29 10:57:50','2019-10-29 10:57:50'),(201,16,'3','2019-10-29 10:57:50','2019-10-29 10:57:50'),(202,16,'5','2019-10-29 10:57:50','2019-10-29 10:57:50'),(203,16,'6','2019-10-29 10:57:50','2019-10-29 10:57:50'),(204,16,'7','2019-10-29 10:57:50','2019-10-29 10:57:50'),(205,16,'7 Pro','2019-10-29 10:57:50','2019-10-29 10:57:50'),(206,16,'3T','2019-10-29 10:57:50','2019-10-29 10:57:50'),(207,16,'5T','2019-10-29 10:57:50','2019-10-29 10:57:50'),(208,16,'6T','2019-10-29 10:57:50','2019-10-29 10:57:50'),(209,16,'6T McLaren','2019-10-29 10:57:50','2019-10-29 10:57:50'),(210,16,'7T','2019-10-29 10:57:50','2019-10-29 10:57:50'),(211,16,'7T Pro','2019-10-29 10:57:50','2019-10-29 10:57:50'),(212,16,'7T McLaren','2019-10-29 10:57:50','2019-10-29 10:57:50'),(213,17,'A9','2019-10-29 10:57:50','2019-10-29 10:57:50'),(214,17,'A9 2020','2019-10-29 10:57:50','2019-10-29 10:57:50'),(215,17,'A5 2020','2019-10-29 10:57:50','2019-10-29 10:57:50'),(216,17,'K3','2019-10-29 10:57:50','2019-10-29 10:57:50'),(217,17,'Reno2','2019-10-29 10:57:50','2019-10-29 10:57:50'),(218,17,'Reno2 F','2019-10-29 10:57:50','2019-10-29 10:57:50'),(219,17,'Reno2 Z','2019-10-29 10:57:50','2019-10-29 10:57:50'),(220,17,'Reno Z','2019-10-29 10:57:50','2019-10-29 10:57:50'),(221,17,'Reno 10x Zoom','2019-10-29 10:57:50','2019-10-29 10:57:50'),(222,17,'F11','2019-10-29 10:57:50','2019-10-29 10:57:50'),(223,17,'F11 Pro','2019-10-29 10:57:50','2019-10-29 10:57:50'),(224,18,'V17 Pro','2019-10-29 10:57:50','2019-10-29 10:57:50'),(225,18,'V15 Pro','2019-10-29 10:57:50','2019-10-29 10:57:50'),(226,18,'V15','2019-10-29 10:57:50','2019-10-29 10:57:50'),(227,18,'V11','2019-10-29 10:57:50','2019-10-29 10:57:50'),(228,18,'V11i','2019-10-29 10:57:50','2019-10-29 10:57:50'),(229,18,'V9 Youth','2019-10-29 10:57:50','2019-10-29 10:57:50'),(230,18,'V9','2019-10-29 10:57:50','2019-10-29 10:57:50'),(231,18,'V7','2019-10-29 10:57:50','2019-10-29 10:57:50'),(232,18,'V7+','2019-10-29 10:57:50','2019-10-29 10:57:50'),(233,18,'Y95','2019-10-29 10:57:50','2019-10-29 10:57:50'),(234,18,'Y91C','2019-10-29 10:57:50','2019-10-29 10:57:50'),(235,18,'Y93','2019-10-29 10:57:50','2019-10-29 10:57:50'),(236,18,'Y17','2019-10-29 10:57:50','2019-10-29 10:57:50'),(237,18,'Y85','2019-10-29 10:57:50','2019-10-29 10:57:50'),(238,18,'Y81i','2019-10-29 10:57:50','2019-10-29 10:57:50'),(239,18,'Y83','2019-10-29 10:57:50','2019-10-29 10:57:50'),(240,18,'Y71','2019-10-29 10:57:50','2019-10-29 10:57:50'),(241,18,'X21','2019-10-29 10:57:50','2019-10-29 10:57:50'),(242,18,'NEX','2019-10-29 10:57:50','2019-10-29 10:57:50'),(243,18,'NEX Dual Display','2019-10-29 10:57:50','2019-10-29 10:57:50'),(244,18,'S1','2019-10-29 10:57:50','2019-10-29 10:57:50'),(245,19,'Redmi 8','2019-10-29 10:57:50','2019-10-29 10:57:50'),(246,19,'Redmi 8A','2019-10-29 10:57:50','2019-10-29 10:57:50'),(247,19,'Redmi Note 8','2019-10-29 10:57:50','2019-10-29 10:57:50'),(248,19,'Redmi Note 8 Pro','2019-10-29 10:57:50','2019-10-29 10:57:50'),(249,19,'Redmi 7A','2019-10-29 10:57:50','2019-10-29 10:57:50'),(250,19,'Redmi 7','2019-10-29 10:57:50','2019-10-29 10:57:50'),(251,19,'Redmi Note 7','2019-10-29 10:57:50','2019-10-29 10:57:50'),(252,19,'Redmi 6','2019-10-29 10:57:50','2019-10-29 10:57:50'),(253,19,'Redmi 6A','2019-10-29 10:57:50','2019-10-29 10:57:50'),(254,19,'Redmi Note 6 Pro','2019-10-29 10:57:50','2019-10-29 10:57:50'),(255,19,'Redmi S2','2019-10-29 10:57:50','2019-10-29 10:57:50'),(256,19,'POCOPHONE F1','2019-10-29 10:57:50','2019-10-29 10:57:50'),(257,19,'Mi Mix Alpha','2019-10-29 10:57:50','2019-10-29 10:57:50'),(258,19,'Mi Mix 3','2019-10-29 10:57:50','2019-10-29 10:57:50'),(259,19,'Mi Mix 2S','2019-10-29 10:57:50','2019-10-29 10:57:50'),(260,19,'Mi 9 Lite','2019-10-29 10:57:50','2019-10-29 10:57:50'),(261,19,'Mi 9T','2019-10-29 10:57:50','2019-10-29 10:57:50'),(262,19,'Mi 9T Pro','2019-10-29 10:57:50','2019-10-29 10:57:50'),(263,19,'Mi 9 SE','2019-10-29 10:57:50','2019-10-29 10:57:50'),(264,19,'Mi 9','2019-10-29 10:57:50','2019-10-29 10:57:50'),(265,19,'Mi 8','2019-10-29 10:57:50','2019-10-29 10:57:50'),(266,19,'Mi 8 Pro','2019-10-29 10:57:50','2019-10-29 10:57:50'),(267,19,'Mi 8 Lite','2019-10-29 10:57:50','2019-10-29 10:57:50'),(268,19,'Mi Max 3','2019-10-29 10:57:50','2019-10-29 10:57:50'),(269,19,'Mi A3','2019-10-29 10:57:50','2019-10-29 10:57:50'),(270,19,'Mi A2','2019-10-29 10:57:50','2019-10-29 10:57:50'),(271,19,'Mi A2 Lite','2019-10-29 10:57:50','2019-10-29 10:57:50'),(272,1,'7 Orig','2019-10-29 13:54:15','2019-10-29 13:54:15'),(273,1,'8 Orig.','2019-10-29 13:55:44','2019-10-29 13:55:44'),(274,1,'8 Plus Orig.','2019-10-29 13:58:53','2019-10-29 13:58:53'),(275,1,'7 Plus Orig.','2019-10-29 17:00:33','2019-10-29 17:00:33'),(276,1,'Xs Orig.','2019-10-29 17:06:27','2019-10-29 17:06:27'),(277,1,'4/4s','2019-10-29 17:08:11','2019-10-29 17:08:11'),(278,1,'IPhone XS Max / 11 Pro Max 3D Glasfolie','2019-11-08 08:17:19','2019-11-08 08:17:19'),(279,1,'IPhone XR / IPhone 11 3D Glasfolie','2019-11-08 08:18:49','2019-11-08 08:18:49'),(280,1,'IPhone X / IPhone 11 Pro','2019-11-08 08:21:00','2019-11-08 08:21:00'),(281,1,'IPhone 8 Plus 3D Glasfolie','2019-11-08 08:23:28','2019-11-08 08:23:28'),(282,1,'IPhone 7/8 Plus 3D Glasfolie','2019-11-08 08:26:20','2019-11-08 08:26:20'),(283,1,'IPhone 7/8 3D Glasfolie','2019-11-08 08:27:35','2019-11-08 08:27:35'),(284,1,'IPhone 6/6s 3D Glasfolie','2019-11-08 08:29:30','2019-11-08 08:29:30'),(285,1,'IPhone 6/6s Plus 3D Glasfolie','2019-11-08 08:31:11','2019-11-08 08:31:11'),(286,1,'IPhone 5/5s Glasfolie','2019-11-08 08:32:15','2019-11-08 08:32:15'),(287,5,'Galaxy S10 Plus 3D Glasfolie','2019-11-08 08:36:26','2019-11-08 08:36:26'),(288,1,'X Orig.','2019-11-08 08:47:24','2019-11-08 08:47:24'),(289,1,'5C','2019-11-08 08:48:15','2019-11-08 08:48:15'),(290,1,'SE','2019-11-08 08:53:57','2019-11-08 08:53:57'),(291,1,'2G','2019-12-07 15:14:42','2019-12-07 15:14:42');
/*!40000 ALTER TABLE `submodels` ENABLE KEYS */;
UNLOCK TABLES;

--
-- Table structure for table `supplier_orders`
--

DROP TABLE IF EXISTS `supplier_orders`;
/*!40101 SET @saved_cs_client     = @@character_set_client */;
/*!40101 SET character_set_client = utf8 */;
CREATE TABLE `supplier_orders` (
  `id` bigint(20) unsigned NOT NULL AUTO_INCREMENT,
  `order_id` bigint(20) NOT NULL,
  `supplier_id` bigint(20) NOT NULL,
  `created_at` timestamp NULL DEFAULT NULL,
  `updated_at` timestamp NULL DEFAULT NULL,
  PRIMARY KEY (`id`)
) ENGINE=InnoDB DEFAULT CHARSET=utf8mb4 COLLATE=utf8mb4_unicode_ci;
/*!40101 SET character_set_client = @saved_cs_client */;

--
-- Dumping data for table `supplier_orders`
--

LOCK TABLES `supplier_orders` WRITE;
/*!40000 ALTER TABLE `supplier_orders` DISABLE KEYS */;
/*!40000 ALTER TABLE `supplier_orders` ENABLE KEYS */;
UNLOCK TABLES;

--
-- Table structure for table `suppliers`
--

DROP TABLE IF EXISTS `suppliers`;
/*!40101 SET @saved_cs_client     = @@character_set_client */;
/*!40101 SET character_set_client = utf8 */;
CREATE TABLE `suppliers` (
  `id` bigint(20) unsigned NOT NULL AUTO_INCREMENT,
  `person_id` bigint(20) NOT NULL,
  `email` varchar(191) COLLATE utf8mb4_unicode_ci NOT NULL,
  `note` varchar(191) COLLATE utf8mb4_unicode_ci NOT NULL,
  `created_at` timestamp NULL DEFAULT NULL,
  `updated_at` timestamp NULL DEFAULT NULL,
  PRIMARY KEY (`id`)
) ENGINE=InnoDB DEFAULT CHARSET=utf8mb4 COLLATE=utf8mb4_unicode_ci;
/*!40101 SET character_set_client = @saved_cs_client */;

--
-- Dumping data for table `suppliers`
--

LOCK TABLES `suppliers` WRITE;
/*!40000 ALTER TABLE `suppliers` DISABLE KEYS */;
/*!40000 ALTER TABLE `suppliers` ENABLE KEYS */;
UNLOCK TABLES;

--
-- Table structure for table `to_transactions`
--

DROP TABLE IF EXISTS `to_transactions`;
/*!40101 SET @saved_cs_client     = @@character_set_client */;
/*!40101 SET character_set_client = utf8 */;
CREATE TABLE `to_transactions` (
  `id` bigint(20) unsigned NOT NULL AUTO_INCREMENT,
  `transaction_id` bigint(20) NOT NULL,
  `created_at` timestamp NULL DEFAULT NULL,
  `updated_at` timestamp NULL DEFAULT NULL,
  PRIMARY KEY (`id`)
) ENGINE=InnoDB DEFAULT CHARSET=utf8mb4 COLLATE=utf8mb4_unicode_ci;
/*!40101 SET character_set_client = @saved_cs_client */;

--
-- Dumping data for table `to_transactions`
--

LOCK TABLES `to_transactions` WRITE;
/*!40000 ALTER TABLE `to_transactions` DISABLE KEYS */;
/*!40000 ALTER TABLE `to_transactions` ENABLE KEYS */;
UNLOCK TABLES;

--
-- Table structure for table `transaction_statuses`
--

DROP TABLE IF EXISTS `transaction_statuses`;
/*!40101 SET @saved_cs_client     = @@character_set_client */;
/*!40101 SET character_set_client = utf8 */;
CREATE TABLE `transaction_statuses` (
  `id` bigint(20) unsigned NOT NULL AUTO_INCREMENT,
  `name` varchar(191) COLLATE utf8mb4_unicode_ci NOT NULL,
  `created_at` timestamp NULL DEFAULT NULL,
  `updated_at` timestamp NULL DEFAULT NULL,
  PRIMARY KEY (`id`)
) ENGINE=InnoDB DEFAULT CHARSET=utf8mb4 COLLATE=utf8mb4_unicode_ci;
/*!40101 SET character_set_client = @saved_cs_client */;

--
-- Dumping data for table `transaction_statuses`
--

LOCK TABLES `transaction_statuses` WRITE;
/*!40000 ALTER TABLE `transaction_statuses` DISABLE KEYS */;
/*!40000 ALTER TABLE `transaction_statuses` ENABLE KEYS */;
UNLOCK TABLES;

--
-- Table structure for table `transactions`
--

DROP TABLE IF EXISTS `transactions`;
/*!40101 SET @saved_cs_client     = @@character_set_client */;
/*!40101 SET character_set_client = utf8 */;
CREATE TABLE `transactions` (
  `id` bigint(20) unsigned NOT NULL AUTO_INCREMENT,
  `order_id` bigint(20) NOT NULL,
  `cashbox_id` bigint(20) NOT NULL,
  `expenditure_item_id` bigint(20) NOT NULL,
  `contractor_id` bigint(20) NOT NULL,
  `responsible_id` bigint(20) NOT NULL,
  `status_id` bigint(20) NOT NULL,
  `transaction_date` date NOT NULL,
  `note` varchar(191) COLLATE utf8mb4_unicode_ci NOT NULL,
  `amount` double(8,2) NOT NULL,
  `created_at` timestamp NULL DEFAULT NULL,
  `updated_at` timestamp NULL DEFAULT NULL,
  PRIMARY KEY (`id`)
) ENGINE=InnoDB DEFAULT CHARSET=utf8mb4 COLLATE=utf8mb4_unicode_ci;
/*!40101 SET character_set_client = @saved_cs_client */;

--
-- Dumping data for table `transactions`
--

LOCK TABLES `transactions` WRITE;
/*!40000 ALTER TABLE `transactions` DISABLE KEYS */;
/*!40000 ALTER TABLE `transactions` ENABLE KEYS */;
UNLOCK TABLES;

--
-- Table structure for table `user_has_branches`
--

DROP TABLE IF EXISTS `user_has_branches`;
/*!40101 SET @saved_cs_client     = @@character_set_client */;
/*!40101 SET character_set_client = utf8 */;
CREATE TABLE `user_has_branches` (
  `id` int(10) unsigned NOT NULL AUTO_INCREMENT,
  `user_id` int(10) unsigned NOT NULL,
  `branch_id` int(10) unsigned NOT NULL,
  `created_at` timestamp NULL DEFAULT NULL,
  `updated_at` timestamp NULL DEFAULT NULL,
  PRIMARY KEY (`id`),
  KEY `user_has_branches_user_id_foreign` (`user_id`),
  KEY `user_has_branches_branch_id_foreign` (`branch_id`),
  CONSTRAINT `user_has_branches_branch_id_foreign` FOREIGN KEY (`branch_id`) REFERENCES `branches` (`id`) ON DELETE CASCADE,
  CONSTRAINT `user_has_branches_user_id_foreign` FOREIGN KEY (`user_id`) REFERENCES `users` (`id`) ON DELETE CASCADE
) ENGINE=InnoDB AUTO_INCREMENT=37 DEFAULT CHARSET=utf8mb4 COLLATE=utf8mb4_unicode_ci;
/*!40101 SET character_set_client = @saved_cs_client */;

--
-- Dumping data for table `user_has_branches`
--

LOCK TABLES `user_has_branches` WRITE;
/*!40000 ALTER TABLE `user_has_branches` DISABLE KEYS */;
INSERT INTO `user_has_branches` VALUES (1,1,1,'2019-10-29 10:57:49','2019-10-29 10:57:49'),(2,1,2,'2019-10-29 10:57:49','2019-10-29 10:57:49'),(3,1,3,'2019-10-29 10:57:49','2019-10-29 10:57:49'),(4,1,4,'2019-10-29 10:57:49','2019-10-29 10:57:49'),(9,2,1,'2019-10-29 11:07:54','2019-10-29 11:07:54'),(10,2,2,'2019-10-29 11:07:54','2019-10-29 11:07:54'),(11,2,3,'2019-10-29 11:07:54','2019-10-29 11:07:54'),(12,2,4,'2019-10-29 11:07:54','2019-10-29 11:07:54'),(13,3,1,'2019-10-29 13:07:20','2019-10-29 13:07:20'),(14,3,2,'2019-10-29 13:07:20','2019-10-29 13:07:20'),(15,3,3,'2019-10-29 13:07:20','2019-10-29 13:07:20'),(16,3,4,'2019-10-29 13:07:20','2019-10-29 13:07:20'),(25,4,1,'2019-10-29 13:08:56','2019-10-29 13:08:56'),(26,4,2,'2019-10-29 13:08:56','2019-10-29 13:08:56'),(27,4,3,'2019-10-29 13:08:56','2019-10-29 13:08:56'),(28,4,4,'2019-10-29 13:08:56','2019-10-29 13:08:56'),(29,5,1,'2019-10-29 14:26:51','2019-10-29 14:26:51'),(30,5,2,'2019-10-29 14:26:51','2019-10-29 14:26:51'),(31,5,3,'2019-10-29 14:26:51','2019-10-29 14:26:51'),(32,5,4,'2019-10-29 14:26:51','2019-10-29 14:26:51'),(35,6,5,'2020-01-21 14:37:06','2020-01-21 14:37:06'),(36,6,6,'2020-01-21 14:37:06','2020-01-21 14:37:06');
/*!40000 ALTER TABLE `user_has_branches` ENABLE KEYS */;
UNLOCK TABLES;

--
-- Table structure for table `users`
--

DROP TABLE IF EXISTS `users`;
/*!40101 SET @saved_cs_client     = @@character_set_client */;
/*!40101 SET character_set_client = utf8 */;
CREATE TABLE `users` (
  `id` int(10) unsigned NOT NULL AUTO_INCREMENT,
  `login_id` int(10) unsigned NOT NULL,
  `person_id` int(10) unsigned NOT NULL,
  `company_id` int(10) unsigned DEFAULT NULL,
  `created_at` timestamp NULL DEFAULT NULL,
  `updated_at` timestamp NULL DEFAULT NULL,
  PRIMARY KEY (`id`),
  UNIQUE KEY `users_login_id_unique` (`login_id`),
  KEY `users_person_id_foreign` (`person_id`),
  KEY `users_company_id_foreign` (`company_id`),
  CONSTRAINT `users_company_id_foreign` FOREIGN KEY (`company_id`) REFERENCES `companies` (`id`) ON DELETE CASCADE,
  CONSTRAINT `users_login_id_foreign` FOREIGN KEY (`login_id`) REFERENCES `logins` (`id`) ON DELETE CASCADE,
  CONSTRAINT `users_person_id_foreign` FOREIGN KEY (`person_id`) REFERENCES `people` (`id`) ON DELETE CASCADE
) ENGINE=InnoDB AUTO_INCREMENT=7 DEFAULT CHARSET=utf8mb4 COLLATE=utf8mb4_unicode_ci;
/*!40101 SET character_set_client = @saved_cs_client */;

--
-- Dumping data for table `users`
--

LOCK TABLES `users` WRITE;
/*!40000 ALTER TABLE `users` DISABLE KEYS */;
INSERT INTO `users` VALUES (1,1,1,1,'2019-10-29 10:57:49','2019-10-29 10:57:49'),(2,2,2,1,'2019-10-29 11:03:40','2019-10-29 11:03:40'),(3,3,3,1,'2019-10-29 13:07:20','2019-10-29 13:07:20'),(4,4,4,1,'2019-10-29 13:08:29','2019-10-29 13:08:29'),(5,5,16,1,'2019-10-29 14:26:51','2019-10-29 14:26:51'),(6,6,48,2,'2019-11-06 20:05:32','2019-11-06 20:05:32');
/*!40000 ALTER TABLE `users` ENABLE KEYS */;
UNLOCK TABLES;

--
-- Table structure for table `warehouse_items`
--

DROP TABLE IF EXISTS `warehouse_items`;
/*!40101 SET @saved_cs_client     = @@character_set_client */;
/*!40101 SET character_set_client = utf8 */;
CREATE TABLE `warehouse_items` (
  `id` bigint(20) unsigned NOT NULL AUTO_INCREMENT,
  `good_id` bigint(20) NOT NULL,
  `location_id` bigint(20) NOT NULL,
  `created_at` timestamp NULL DEFAULT NULL,
  `updated_at` timestamp NULL DEFAULT NULL,
  PRIMARY KEY (`id`)
) ENGINE=InnoDB DEFAULT CHARSET=utf8mb4 COLLATE=utf8mb4_unicode_ci;
/*!40101 SET character_set_client = @saved_cs_client */;

--
-- Dumping data for table `warehouse_items`
--

LOCK TABLES `warehouse_items` WRITE;
/*!40000 ALTER TABLE `warehouse_items` DISABLE KEYS */;
/*!40000 ALTER TABLE `warehouse_items` ENABLE KEYS */;
UNLOCK TABLES;

--
-- Table structure for table `warehouses`
--

DROP TABLE IF EXISTS `warehouses`;
/*!40101 SET @saved_cs_client     = @@character_set_client */;
/*!40101 SET character_set_client = utf8 */;
CREATE TABLE `warehouses` (
  `id` bigint(20) unsigned NOT NULL AUTO_INCREMENT,
  `name` varchar(191) COLLATE utf8mb4_unicode_ci NOT NULL,
  `branch_id` bigint(20) NOT NULL,
  `created_at` timestamp NULL DEFAULT NULL,
  `updated_at` timestamp NULL DEFAULT NULL,
  PRIMARY KEY (`id`)
) ENGINE=InnoDB DEFAULT CHARSET=utf8mb4 COLLATE=utf8mb4_unicode_ci;
/*!40101 SET character_set_client = @saved_cs_client */;

--
-- Dumping data for table `warehouses`
--

LOCK TABLES `warehouses` WRITE;
/*!40000 ALTER TABLE `warehouses` DISABLE KEYS */;
/*!40000 ALTER TABLE `warehouses` ENABLE KEYS */;
UNLOCK TABLES;

--
-- Table structure for table `warranties`
--

DROP TABLE IF EXISTS `warranties`;
/*!40101 SET @saved_cs_client     = @@character_set_client */;
/*!40101 SET character_set_client = utf8 */;
CREATE TABLE `warranties` (
  `id` bigint(20) unsigned NOT NULL AUTO_INCREMENT,
  `name` varchar(191) COLLATE utf8mb4_unicode_ci NOT NULL,
  `days_amount` int(11) NOT NULL,
  `created_at` timestamp NULL DEFAULT NULL,
  `updated_at` timestamp NULL DEFAULT NULL,
  PRIMARY KEY (`id`)
) ENGINE=InnoDB DEFAULT CHARSET=utf8mb4 COLLATE=utf8mb4_unicode_ci;
/*!40101 SET character_set_client = @saved_cs_client */;

--
-- Dumping data for table `warranties`
--

LOCK TABLES `warranties` WRITE;
/*!40000 ALTER TABLE `warranties` DISABLE KEYS */;
/*!40000 ALTER TABLE `warranties` ENABLE KEYS */;
UNLOCK TABLES;
/*!40103 SET TIME_ZONE=@OLD_TIME_ZONE */;

/*!40101 SET SQL_MODE=@OLD_SQL_MODE */;
/*!40014 SET FOREIGN_KEY_CHECKS=@OLD_FOREIGN_KEY_CHECKS */;
/*!40014 SET UNIQUE_CHECKS=@OLD_UNIQUE_CHECKS */;
/*!40101 SET CHARACTER_SET_CLIENT=@OLD_CHARACTER_SET_CLIENT */;
/*!40101 SET CHARACTER_SET_RESULTS=@OLD_CHARACTER_SET_RESULTS */;
/*!40101 SET COLLATION_CONNECTION=@OLD_COLLATION_CONNECTION */;
/*!40111 SET SQL_NOTES=@OLD_SQL_NOTES */;

-- Dump completed on 2020-01-26 19:07:00
